Place;FirstName;LastName;Car Number;Car;Car Model;Laps;Best S1;Best S2;Best S3;Best lap;Best lap (ms);Ideal Best lap;Total Race Time;Lap Date;SteamId;Car Class;Track;Place,FirstName,LastName,Class,Car Number,Car,Car Model,Laps,Best S1,Best S2,Best S3,Best lap,Best lap (ms),Ideal Best lap,Total Race Time,Lap Date,SteamId
0.0;;bmatthew717;42.0;Ferrari 296 GT3;32.0;0.0;2147483.647;2147483.647;2147483.647;35791:23.647;2147483647.0;107374:10.941;;2025-09-07;M2535456990131789;GT3;Kyalami;
0.0;;zoli234#5551;25.0;McLaren 720S GT3 Evo;35.0;11.0;31.1;40.165;30.107;01:41.542;101542.0;01:41.372;18:36.962;2025-09-08;M2535441603635242;GT3;Kyalami;
0.0;;RightfulChip6;42.0;Bentley Continental GT3 2018;8.0;5.0;2147483.647;2147483.647;2147483.647;35791:23.647;2147483647.0;107374:10.941;178956:58.235;2025-09-09;M2533274976716913;GT3;Kyalami;
0.0;;zoli234#5551;25.0;McLaren 720S GT3 Evo;35.0;11.0;30.955;39.977;30.095;01:41.220;101220.0;01:41.027;18:33.420;2025-09-09;M2535441603635242;GT3;Kyalami;
0.0;;Dr Flexi Jerkov;16.0;Bentley Continental GT3 2018;8.0;12.0;31.087;40.24;30.25;01:41.742;101742.0;01:41.577;20:20.904;2025-09-09;M2533274805889819;GT3;Kyalami;
0.0;;zoli234#5551;25.0;McLaren 720S GT3 Evo;35.0;0.0;2147483.647;2147483.647;2147483.647;35791:23.647;2147483647.0;107374:10.941;;2025-09-09;M2535441603635242;GT3;Kyalami;
0.0;;Dr Flexi Jerkov;16.0;Bentley Continental GT3 2018;8.0;0.0;2147483.647;2147483.647;2147483.647;35791:23.647;2147483647.0;107374:10.941;;2025-09-09;M2533274805889819;GT3;Kyalami;
0.0;;RightfulChip6;42.0;Bentley Continental GT3 2018;8.0;12.0;31.137;40.476;30.297;01:42.159;102159.0;01:41.910;20:25.908;2025-09-09;M2533274976716913;GT3;Kyalami;
0.0;;Hypotek_GBR-VRC;18.0;BMW M4 GT3 2022;26.0;7.0;31.162;40.642;30.302;01:42.107;102107.0;01:42.106;11:54.749;2025-09-10;P6242924876318439157;GT3;Kyalami;
0.0;;Dr Flexi Jerkov;16.0;Bentley Continental GT3 2018;8.0;0.0;2147483.647;2147483.647;2147483.647;35791:23.647;2147483647.0;107374:10.941;;2025-09-10;M2533274805889819;GT3;Kyalami;
0.0;;Dr Flexi Jerkov;16.0;Bentley Continental GT3 2018;8.0;6.0;31.197;40.565;30.207;01:42.122;102122.0;01:41.969;10:12.732;2025-09-10;M2533274805889819;GT3;Kyalami;
0.0;;Dr Flexi Jerkov;17.0;Ford Mustang GT3;36.0;19.0;31.135;40.225;30.082;01:41.897;101897.0;01:41.442;32:16.043;2025-09-10;M2533274805889819;GT3;Kyalami;
0.0;;BoA Diamond;4.0;Porsche 992 GT3 R;34.0;21.0;31.119;40.905;30.546;01:42.738;102738.0;01:42.570;35:57.498;2025-09-10;M2533274963284096;GT3;Kyalami;
0.0;;Thebadden#6350;260.0;Ford Mustang GT3;36.0;16.0;31.305;41.073;30.828;01:43.206;103206.0;01:43.206;27:31.296;2025-09-10;M2535468859834853;GT3;Kyalami;
0.0;;Benjuda1019;93.0;Ferrari 296 GT3;32.0;9.0;35.664;45.855;35.064;01:56.583;116583.0;01:56.583;17:29.247;2025-09-10;M2535419147509440;GT3;Kyalami;
0.0;;BoA Diamond;4.0;Porsche 992 GT3 R;34.0;0.0;2147483.647;2147483.647;2147483.647;35791:23.647;2147483647.0;107374:10.941;;2025-09-10;M2533274963284096;GT3;Kyalami;
0.0;;Dr Flexi Jerkov;17.0;Ford Mustang GT3;36.0;0.0;2147483.647;2147483.647;2147483.647;35791:23.647;2147483647.0;107374:10.941;;2025-09-10;M2533274805889819;GT3;Kyalami;
0.0;;Benjuda1019;93.0;Ferrari 296 GT3;32.0;0.0;2147483.647;2147483.647;2147483.647;35791:23.647;2147483647.0;107374:10.941;;2025-09-10;M2535419147509440;GT3;Kyalami;
0.0;;Thebadden#6350;260.0;Ford Mustang GT3;36.0;0.0;2147483.647;2147483.647;2147483.647;35791:23.647;2147483647.0;107374:10.941;;2025-09-10;M2535468859834853;GT3;Kyalami;
0.0;;BadBen80;88.0;Ferrari 296 GT3;32.0;17.0;31.03;40.345;29.97;01:41.732;101732.0;01:41.345;28:49.444;2025-09-10;M2562092466593675;GT3;Kyalami;
0.0;;Dr Flexi Jerkov;16.0;Ford Mustang GT3;36.0;24.0;30.952;40.355;30.167;01:41.927;101927.0;01:41.474;40:46.248;2025-09-10;M2533274805889819;GT3;Kyalami;
0.0;;BoA Diamond;1.0;Ferrari 296 GT3;32.0;8.0;31.266;40.836;30.519;01:42.801;102801.0;01:42.621;13:42.408;2025-09-10;M2533274963284096;GT3;Kyalami;
0.0;;Thebadden#6350;261.0;Ferrari 296 GT3;32.0;9.0;31.173;41.193;30.651;01:43.743;103743.0;01:43.017;15:33.687;2025-09-10;M2535468859834853;GT3;Kyalami;
0.0;;LCS Ginge;69.0;Ferrari 296 GT3;32.0;6.0;31.668;41.214;31.068;01:44.394;104394.0;01:43.950;10:26.364;2025-09-10;M2535428335198107;GT3;Kyalami;
0.0;;Benjuda1019;93.0;Ferrari 296 GT3;32.0;13.0;34.443;44.826;34.362;01:53.631;113631.0;01:53.631;24:37.203;2025-09-10;M2535419147509440;GT3;Kyalami;
0.0;;BadBen80;65.0;Ford Mustang GT3;36.0;5.0;30.79;40.242;29.92;01:41.045;101045.0;01:40.952;08:25.225;2025-09-10;M2562092466593675;GT3;Kyalami;
0.0;;Dr Flexi Jerkov;16.0;Ford Mustang GT3;36.0;7.0;30.992;40.295;30.07;01:41.562;101562.0;01:41.357;11:50.934;2025-09-10;M2533274805889819;GT3;Kyalami;
0.0;;LCS Ginge;69.0;Ferrari 296 GT3;32.0;6.0;31.62;41.325;30.969;01:43.914;103914.0;01:43.914;10:23.484;2025-09-10;M2535428335198107;GT3;Kyalami;
0.0;;BoA Diamond;1.0;Ferrari 296 GT3;32.0;0.0;2147483.647;2147483.647;2147483.647;35791:23.647;2147483647.0;107374:10.941;;2025-09-10;M2533274963284096;GT3;Kyalami;
0.0;;Thebadden#6350;261.0;Ferrari 296 GT3;32.0;0.0;2147483.647;2147483.647;2147483.647;35791:23.647;2147483647.0;107374:10.941;;2025-09-10;M2535468859834853;GT3;Kyalami;
0.0;;Benjuda1019;93.0;Ferrari 296 GT3;32.0;0.0;2147483.647;2147483.647;2147483.647;35791:23.647;2147483647.0;107374:10.941;;2025-09-10;M2535419147509440;GT3;Kyalami;
0.0;;BoA Diamond;1.0;Ferrari 296 GT3;32.0;0.0;2147483.647;2147483.647;2147483.647;35791:23.647;2147483647.0;107374:10.941;;2025-09-10;M2533274963284096;GT3;Kyalami;
0.0;;Dr Flexi Jerkov;16.0;Ford Mustang GT3;36.0;0.0;2147483.647;2147483.647;2147483.647;35791:23.647;2147483647.0;107374:10.941;;2025-09-10;M2533274805889819;GT3;Kyalami;
0.0;;BadBen80;65.0;Ford Mustang GT3;36.0;0.0;2147483.647;2147483.647;2147483.647;35791:23.647;2147483647.0;107374:10.941;;2025-09-10;M2562092466593675;GT3;Kyalami;
0.0;;Thebadden#6350;261.0;Ferrari 296 GT3;32.0;0.0;2147483.647;2147483.647;2147483.647;35791:23.647;2147483647.0;107374:10.941;;2025-09-10;M2535468859834853;GT3;Kyalami;
0.0;;Benjuda1019;93.0;Ferrari 296 GT3;32.0;0.0;2147483.647;2147483.647;2147483.647;35791:23.647;2147483647.0;107374:10.941;;2025-09-10;M2535419147509440;GT3;Kyalami;
0.0;;LCS Ginge;69.0;Ferrari 296 GT3;32.0;0.0;2147483.647;2147483.647;2147483.647;35791:23.647;2147483647.0;107374:10.941;;2025-09-10;M2535428335198107;GT3;Kyalami;
0.0;;LCS Ginge;69.0;Ferrari 296 GT3;32.0;2.0;2147483.647;2147483.647;2147483.647;35791:23.647;2147483647.0;107374:10.941;71582:47.294;2025-09-10;M2535428335198107;GT3;Kyalami;
0.0;;RightfulChip6;42.0;Bentley Continental GT3 2018;8.0;18.0;31.23;40.542;30.201;01:42.117;102117.0;01:41.973;30:38.106;2025-09-10;M2533274976716913;GT3;Kyalami;
0.0;;InocentPredator;720.0;McLaren 720S GT3 Evo;35.0;26.0;31.415;41.04;30.627;01:43.482;103482.0;01:43.082;44:50.532;2025-09-10;M2533274809212122;GT3;Kyalami;
0.0;;Hypotek_GBR-VRC;18.0;BMW M4 GT3 2022;26.0;2.0;32.067;41.055;30.562;01:43.685;103685.0;01:43.684;03:27.370;2025-09-10;P6242924876318439157;GT3;Kyalami;
0.0;;Hypotek_GBR-VRC;18.0;BMW M4 GT3 2022;26.0;10.0;31.127;40.575;30.242;01:41.945;101945.0;01:41.944;16:59.450;2025-09-10;P6242924876318439157;GT3;Kyalami;
0.0;;InocentPredator;720.0;McLaren 720S GT3 Evo;35.0;8.0;31.26;40.575;30.375;01:42.532;102532.0;01:42.210;13:40.256;2025-09-10;M2533274809212122;GT3;Kyalami;
0.0;;InocentPredator;720.0;McLaren 720S GT3 Evo;35.0;24.0;31.457;40.89;30.597;01:43.445;103445.0;01:42.944;41:22.680;2025-09-11;M2533274809212122;GT3;Kyalami;
0.0;;Hypotek_GBR-VRC;18.0;BMW M4 GT3 2022;26.0;0.0;2147483.647;2147483.647;2147483.647;35791:23.647;2147483647.0;107374:10.941;;2025-09-11;P6242924876318439157;GT3;Kyalami;
0.0;;dmoney69812;777.0;Ferrari 296 GT3;32.0;13.0;31.149;40.44;30.21;01:42.009;102009.0;01:41.799;22:06.117;2025-09-11;M2533274853814129;GT3;Kyalami;
0.0;;dmoney69812;777.0;Ferrari 296 GT3;32.0;11.0;31.272;40.521;30.51;01:42.303;102303.0;01:42.303;18:45.333;2025-09-11;M2533274853814129;GT3;Kyalami;
0.0;;Globe Writer;167.0;McLaren 720S GT3 Evo;35.0;0.0;2147483.647;2147483.647;2147483.647;35791:23.647;2147483647.0;107374:10.941;;2025-09-11;M2535453281193149;GT3;Kyalami;
0.0;;Globe Writer;167.0;McLaren 720S GT3 Evo;35.0;26.0;31.387;40.972;30.512;01:43.250;103250.0;01:42.871;44:44.500;2025-09-11;M2535453281193149;GT3;Kyalami;
0.0;;Dr Flexi Jerkov;100.0;McLaren 720S GT3 Evo;35.0;6.0;31.202;40.595;30.197;01:42.160;102160.0;01:41.994;10:12.960;2025-09-11;M2533274805889819;GT3;Kyalami;
0.0;;Dr Flexi Jerkov;57.0;Mercedes AMG GT3 2020;25.0;5.0;31.232;40.5;30.26;01:42.020;102020.0;01:41.992;08:30.100;2025-09-11;M2533274805889819;GT3;Kyalami;
0.0;;Dr Flexi Jerkov;57.0;Mercedes AMG GT3 2020;25.0;0.0;2147483.647;2147483.647;2147483.647;35791:23.647;2147483647.0;107374:10.941;;2025-09-11;M2533274805889819;GT3;Kyalami;
0.0;;Dr Flexi Jerkov;16.0;Nissan GT-R Nismo GT3 2018;6.0;3.0;31.775;41.252;30.85;01:43.877;103877.0;01:43.877;05:11.631;2025-09-11;M2533274805889819;GT3;Kyalami;
0.0;;Dr Flexi Jerkov;96.0;Aston Martin Vantage V8 2019;20.0;2.0;31.442;40.78;30.98;01:43.202;103202.0;01:43.202;03:26.404;2025-09-11;M2533274805889819;GT3;Kyalami;
0.0;;Dr Flexi Jerkov;87.0;Mercedes AMG GT3 2020;25.0;3.0;31.17;40.492;30.332;01:42.247;102247.0;01:41.994;05:06.741;2025-09-11;M2533274805889819;GT3;Kyalami;
0.0;;Dr Flexi Jerkov;65.0;Ford Mustang GT3;36.0;8.0;30.905;40.385;30.105;01:41.395;101395.0;01:41.395;13:31.160;2025-09-11;M2533274805889819;GT3;Kyalami;
0.0;;Hypotek_GBR-VRC;18.0;BMW M4 GT3 2022;26.0;5.0;32.032;41.97;31.13;01:45.132;105132.0;01:45.132;08:45.660;2025-09-12;P6242924876318439157;GT3;Kyalami;
0.0;;gownie;664.0;McLaren 720S GT3 Evo;35.0;0.0;2147483.647;2147483.647;2147483.647;35791:23.647;2147483647.0;107374:10.941;;2025-09-12;M2533274806514359;GT3;Kyalami;
0.0;;gownie;664.0;McLaren 720S GT3 Evo;35.0;0.0;2147483.647;2147483.647;2147483.647;35791:23.647;2147483647.0;107374:10.941;;2025-09-12;M2533274806514359;GT3;Kyalami;
0.0;;dmoney69812;777.0;Ferrari 296 GT3;32.0;26.0;31.146;40.137;30.171;01:41.643;101643.0;01:41.454;44:02.718;2025-09-13;M2533274853814129;GT3;Kyalami;
0.0;;zoli234#5551;25.0;McLaren 720S GT3 Evo;35.0;3.0;31.227;40.102;30.357;01:41.877;101877.0;01:41.686;05:05.631;2025-09-13;M2535441603635242;GT3;Kyalami;
0.0;;zoli234#5551;25.0;McLaren 720S GT3 Evo;35.0;10.0;30.865;39.94;30.065;01:40.875;100875.0;01:40.870;16:48.750;2025-09-13;M2535441603635242;GT3;Kyalami;
0.0;;dmoney69812;777.0;Ferrari 296 GT3;32.0;11.0;31.089;40.137;30.087;01:41.622;101622.0;01:41.313;18:37.842;2025-09-13;M2533274853814129;GT3;Kyalami;
0.0;;zoli234#5551;25.0;McLaren 720S GT3 Evo;35.0;10.0;30.865;39.94;30.065;01:40.875;100875.0;01:40.870;16:48.750;2025-09-13;M2535441603635242;GT3;Kyalami;
0.0;;dmoney69812;777.0;Ferrari 296 GT3;32.0;11.0;31.089;40.137;30.087;01:41.622;101622.0;01:41.313;18:37.842;2025-09-13;M2533274853814129;GT3;Kyalami;
0.0;;gownie;64.0;BMW M4 GT3 2022;26.0;4.0;31.315;40.34;30.697;01:42.662;102662.0;01:42.352;06:50.648;2025-09-13;M2533274806514359;GT3;Kyalami;
0.0;;RightfulChip6;23.0;Bentley Continental GT3 2018;8.0;7.0;31.254;40.515;30.264;01:42.051;102051.0;01:42.033;11:54.357;2025-09-13;M2533274976716913;GT3;Kyalami;
0.0;;LCS Ginge;69.0;Ferrari 296 GT3;32.0;16.0;31.305;40.677;30.828;01:43.017;103017.0;01:42.810;27:28.272;2025-09-13;M2535428335198107;GT3;Kyalami;
0.0;;J0N G10;10.0;Mercedes AMG GT3 2020;25.0;4.0;31.386;41.244;30.726;01:43.593;103593.0;01:43.356;06:54.372;2025-09-13;M2533274803882798;GT3;Kyalami;
0.0;;InocentPredator;13.0;McLaren 720S GT3 Evo;35.0;11.0;31.49;41.192;30.497;01:43.362;103362.0;01:43.179;18:56.982;2025-09-13;M2533274809212122;GT3;Kyalami;
0.0;;bmatthew717;42.0;Ferrari 296 GT3;32.0;19.0;31.185;40.404;30.093;01:41.943;101943.0;01:41.682;32:16.917;2025-09-13;M2535456990131789;GT3;Kyalami;
0.0;;gownie;65.0;Ferrari 296 GT3;32.0;20.0;31.255;40.262;30.267;01:42.150;102150.0;01:41.784;34:03.000;2025-09-13;M2533274806514359;GT3;Kyalami;
0.0;;gownie;65.0;BMW M4 GT3 2022;26.0;19.0;31.25;40.312;30.227;01:42.140;102140.0;01:41.789;32:20.660;2025-09-13;M2533274806514359;GT3;Kyalami;
0.0;;LCS Ginge;69.0;Ferrari 296 GT3;32.0;19.0;31.401;40.839;30.663;01:43.044;103044.0;01:42.903;32:37.836;2025-09-13;M2535428335198107;GT3;Kyalami;
0.0;;LCS Ginge;69.0;Ferrari 296 GT3;32.0;5.0;31.662;41.463;30.792;01:44.160;104160.0;01:43.917;08:40.800;2025-09-13;M2535428335198107;GT3;Kyalami;
0.0;;Imagine Sphax;23.0;Ferrari 296 GT3;32.0;7.0;30.996;39.984;30.069;01:41.049;101049.0;01:41.049;11:47.343;2025-09-14;M2533274876472342;GT3;Kyalami;
0.0;;Imagine Sphax;23.0;Lexus RC F GT3;15.0;10.0;31.149;40.425;30.318;01:42.033;102033.0;01:41.892;17:00.330;2025-09-14;M2533274876472342;GT3;Kyalami;
0.0;;Imagine Sphax;23.0;Lexus RC F GT3;15.0;0.0;2147483.647;2147483.647;2147483.647;35791:23.647;2147483647.0;107374:10.941;;2025-09-14;M2533274876472342;GT3;Kyalami;
0.0;Zoltán;Keszeli;25.0;McLaren 720S GT3 Evo;35.0;35.0;30.972;40.045;30.062;01:41.287;101287.0;01:41.079;59:05.045;2025-09-14;M2535441603635242;GT3;Kyalami;
0.0;Andrew;Mcvittie;116.0;Aston Martin Vantage V8 2019;20.0;35.0;30.937;40.295;29.947;01:41.427;101427.0;01:41.179;59:09.945;2025-09-14;M2533274896948119;GT3;Kyalami;
0.0;Linden;Hill;16.0;Ford Mustang GT3;36.0;35.0;31.037;40.302;30.12;01:41.565;101565.0;01:41.459;59:14.775;2025-09-14;M2533274805889819;GT3;Kyalami;
0.0;Ben;Jones;80.0;McLaren 720S GT3 Evo;35.0;35.0;30.892;40.032;30.212;01:41.317;101317.0;01:41.136;59:06.095;2025-09-14;M2562092466593675;GT3;Kyalami;
0.0;Benjamin;Matthew;42.0;Ferrari 296 GT3;32.0;35.0;31.026;40.086;30.027;01:41.280;101280.0;01:41.139;59:04.800;2025-09-14;M2535456990131789;GT3;Kyalami;
0.0;Nick;Efdee;23.0;Lexus RC F GT3;15.0;35.0;30.948;40.401;30.168;01:41.742;101742.0;01:41.517;59:20.970;2025-09-14;M2533274876472342;GT3;Kyalami;
0.0;Scott;Currie;24.0;Bentley Continental GT3 2018;8.0;35.0;30.96;40.482;30.264;01:41.952;101952.0;01:41.706;59:28.320;2025-09-14;M2533274976716913;GT3;Kyalami;
0.0;John;Gooday;18.0;Aston Martin Vantage V8 2019;20.0;35.0;30.96;40.43;30.085;01:41.535;101535.0;01:41.475;59:13.725;2025-09-14;P6242924876318439157;GT3;Kyalami;
0.0;Ian;McGowan;64.0;McLaren 720S GT3 Evo;35.0;35.0;31.205;39.98;30.102;01:41.375;101375.0;01:41.287;59:08.125;2025-09-14;M2533274806514359;GT3;Kyalami;
0.0;Solomon;Bosworth;43.0;McLaren 720S GT3 Evo;35.0;35.0;31.056;40.335;30.171;01:41.628;101628.0;01:41.562;59:16.980;2025-09-14;M2535429964314036;GT3;Kyalami;
0.0;Manuel;Verzi;54.0;Mercedes AMG GT3 2020;25.0;35.0;31.101;40.68;30.27;01:42.168;102168.0;01:42.051;59:35.880;2025-09-14;M2535415068381608;GT3;Kyalami;
0.0;Richard;Huxley;90.0;Ferrari 296 GT3;32.0;35.0;31.008;40.422;30.348;01:42.240;102240.0;01:41.778;59:38.400;2025-09-14;M2535454029768367;GT3;Kyalami;
0.0;Tony;Richmond;747.0;Ferrari 296 GT3;32.0;35.0;31.082;40.355;30.227;01:41.842;101842.0;01:41.664;59:24.470;2025-09-14;M2535463400577494;GT3;Kyalami;
0.0;Sean;Briggs;88.0;Ferrari 296 GT3;32.0;35.0;31.342;40.437;30.412;01:42.467;102467.0;01:42.191;59:46.345;2025-09-14;M2535426324983035;GT3;Kyalami;
0.0;Jesper;Beiboer;95.0;Aston Martin Vantage V8 2019;20.0;35.0;30.993;40.326;30.216;01:41.772;101772.0;01:41.535;59:22.020;2025-09-14;M2535465743812802;GT3;Kyalami;
0.0;Brian;Slater;20.0;Ford Mustang GT3;36.0;35.0;31.029;40.65;30.108;01:42.036;102036.0;01:41.787;59:31.260;2025-09-14;M2533274804593068;GT3;Kyalami;
0.0;Jason;Macdonald;40.0;Ford Mustang GT3;36.0;35.0;30.907;40.75;30.327;01:42.247;102247.0;01:41.984;59:38.645;2025-09-14;M2533274809536861;GT3;Kyalami;
0.0;Dustin;Hatcher;777.0;Ferrari 296 GT3;32.0;35.0;31.11;40.293;30.33;01:42.015;102015.0;01:41.733;59:30.525;2025-09-14;M2533274853814129;GT3;Kyalami;
0.0;Mark;Stapely;142.0;McLaren 720S GT3 Evo;35.0;35.0;31.312;40.355;30.35;01:42.502;102502.0;01:42.017;59:47.570;2025-09-14;M2533274804293173;GT3;Kyalami;
0.0;Adam;Lovell;260.0;Ford Mustang GT3;36.0;35.0;31.02;40.761;30.393;01:42.684;102684.0;01:42.174;59:53.940;2025-09-14;M2535468859834853;GT3;Kyalami;
0.0;Luke;Saunders;77.0;BMW M4 GT3 2022;26.0;35.0;31.19;40.832;30.457;01:42.837;102837.0;01:42.479;59:59.295;2025-09-14;P3235842779263578181;GT3;Kyalami;
0.0;Graham;Kennedy;11.0;McLaren 720S GT3 Evo;35.0;34.0;31.232;40.42;30.522;01:42.435;102435.0;01:42.174;58:02.790;2025-09-14;M2533274817811996;GT3;Kyalami;
0.0;Rob;Sexton;13.0;McLaren 720S GT3 Evo;35.0;34.0;31.355;40.722;30.625;01:43.070;103070.0;01:42.702;58:24.380;2025-09-14;M2533274809212122;GT3;Kyalami;
0.0;Toby;Cirel;49.0;Ford Mustang GT3;36.0;34.0;30.637;39.885;29.777;01:40.432;100432.0;01:40.299;56:54.688;2025-09-14;M2535459005860319;GT3;Kyalami;
0.0;James;Roche;69.0;Ferrari 296 GT3;32.0;34.0;31.458;41.022;30.594;01:43.767;103767.0;01:43.074;58:48.078;2025-09-14;M2535428335198107;GT3;Kyalami;
0.0;John;Guise;10.0;Mercedes AMG GT3 2020;25.0;33.0;31.545;40.983;30.663;01:43.557;103557.0;01:43.191;56:57.381;2025-09-14;M2533274803882798;GT3;Kyalami;
0.0;Steve;Carter;167.0;McLaren 720S GT3 Evo;35.0;33.0;31.56;41.147;30.947;01:44.100;104100.0;01:43.654;57:15.300;2025-09-14;M2535453281193149;GT3;Kyalami;
0.0;Mark;Browning;7.0;Ferrari 296 GT3;32.0;33.0;31.142;40.705;30.46;01:42.455;102455.0;01:42.307;56:21.015;2025-09-14;M2533274796566438;GT3;Kyalami;
0.0;Rey;Sabio Jr;144.0;BMW M4 GT3 2022;26.0;33.0;31.557;41.169;30.867;01:44.031;104031.0;01:43.593;57:13.023;2025-09-14;M2535464171877570;GT3;Kyalami;
0.0;Jeremy;Rovig;19.0;Lamborghini Huracan GT3;4.0;30.0;31.54;41.58;30.937;01:44.750;104750.0;01:44.057;52:22.500;2025-09-14;M2535407863017941;GT3;Kyalami;
0.0;Matt;Keen;89.0;Ferrari 296 GT3;32.0;22.0;31.45;40.985;30.555;01:42.990;102990.0;01:42.990;37:45.780;2025-09-14;M2533274934545075;GT3;Kyalami;
0.0;Gareth;Johnstone;420.0;McLaren 720S GT3 Evo;35.0;21.0;31.89;41.304;30.894;01:44.223;104223.0;01:44.088;36:28.683;2025-09-14;M2535421862963748;GT3;Kyalami;
0.0;R;BoA-Briggs;52.0;Porsche 992 GT3 R;34.0;0.0;2147483.647;2147483.647;2147483.647;35791:23.647;2147483647.0;107374:10.941;;2025-09-14;M2533274963284096;GT3;Kyalami;
0.0;;Dr Flexi Jerkov;16.0;Ford Mustang GT3;36.0;0.0;2147483.647;2147483.647;2147483.647;35791:23.647;2147483647.0;107374:10.941;;2025-12-09;M2533274805889819;GT3;Kyalami;
0.0;;Szpak#5797;92.0;Porsche 992 GT3 R;34.0;17.0;31.265;40.502;30.09;01:41.857;101857.0;01:41.857;28:51.569;2025-12-10;M2535450086590569;GT3;Kyalami;
0.0;;Szpak#5797;92.0;Porsche 992 GT3 R;34.0;12.0;31.057;40.517;30.115;01:41.710;101710.0;01:41.689;20:20.520;2025-12-10;M2535450086590569;GT3;Kyalami;
0.0;;Szpak#5797;92.0;Porsche 992 GT3 R;34.0;0.0;2147483.647;2147483.647;2147483.647;35791:23.647;2147483647.0;107374:10.941;;2025-12-11;M2535450086590569;GT3;Kyalami;
0.0;;Szpak#5797;92.0;Porsche 992 GT3 R;34.0;22.0;31.027;40.272;30.01;01:41.442;101442.0;01:41.309;37:11.724;2025-12-11;M2535450086590569;GT3;Kyalami;
0.0;;bmatthew717;42.0;McLaren 720S GT3 Evo;35.0;7.0;31.458;40.587;30.6;01:42.684;102684.0;01:42.645;11:58.788;2025-12-11;M2535456990131789;GT3;Kyalami;
0.0;;Imagine Sphax;33.0;McLaren 720S GT3 Evo;35.0;0.0;2147483.647;2147483.647;2147483.647;35791:23.647;2147483647.0;107374:10.941;;2025-12-11;M2533274876472342;GT3;Kyalami;
0.0;;Imagine Sphax;33.0;McLaren 720S GT3 Evo;35.0;6.0;31.272;40.494;30.387;01:42.243;102243.0;01:42.153;10:13.458;2025-12-11;M2533274876472342;GT3;Kyalami;
0.0;;Imagine Sphax;23.0;Ferrari 296 GT3;32.0;17.0;30.975;40.095;30.144;01:41.337;101337.0;01:41.214;28:42.729;2025-12-12;M2533274876472342;GT3;Kyalami;
0.0;;Dr Flexi Jerkov;99.0;McLaren 720S GT3 Evo;35.0;0.0;2147483.647;2147483.647;2147483.647;35791:23.647;2147483647.0;107374:10.941;;2025-12-12;M2533274805889819;GT3;Kyalami;
0.0;;Dr Flexi Jerkov;91.0;Porsche 992 GT3 R;34.0;22.0;31.155;40.38;30.28;01:42.137;102137.0;01:41.815;37:27.014;2025-12-12;M2533274805889819;GT3;Kyalami;
0.0;;Thebadden#6350;263.0;Ferrari 296 GT3;32.0;19.0;31.095;41.172;30.837;01:43.413;103413.0;01:43.104;32:44.847;2025-12-12;M2535468859834853;GT3;Kyalami;
0.0;;Szpak#5797;92.0;Porsche 992 GT3 R;34.0;6.0;31.015;40.262;30.11;01:41.600;101600.0;01:41.387;10:09.600;2025-12-13;M2535450086590569;GT3;Kyalami;
0.0;;Szpak#5797;92.0;Porsche 992 GT3 R;34.0;11.0;30.915;40.34;30.097;01:41.420;101420.0;01:41.352;18:35.620;2025-12-14;M2535450086590569;GT3;Kyalami;
0.0;;Szpak#5797;92.0;Porsche 992 GT3 R;34.0;13.0;31.07;40.187;30.065;01:41.325;101325.0;01:41.322;21:57.225;2025-12-14;M2535450086590569;GT3;Kyalami;
0.0;;Dr Flexi Jerkov;91.0;Porsche 992 GT3 R;34.0;20.0;31.135;40.367;30.11;01:41.740;101740.0;01:41.612;33:54.800;2025-12-14;M2533274805889819;GT3;Kyalami;
0.0;;Imagine Sphax;23.0;Ferrari 296 GT3;32.0;15.0;31.011;40.128;30.129;01:41.391;101391.0;01:41.268;25:20.865;2025-12-14;M2533274876472342;GT3;Kyalami;
0.0;;Dr Flexi Jerkov;38.0;Ferrari 296 GT3;32.0;17.0;31.092;40.202;30.1;01:41.545;101545.0;01:41.394;28:46.265;2025-12-14;M2533274805889819;GT3;Kyalami;
0.0;;Imagine Sphax;91.0;Porsche 992 GT3 R;34.0;13.0;31.017;40.371;30.078;01:41.520;101520.0;01:41.466;21:59.760;2025-12-14;M2533274876472342;GT3;Kyalami;
0.0;;Dr Flexi Jerkov;92.0;Porsche 992 GT3 R;34.0;7.0;31.135;40.652;30.51;01:42.500;102500.0;01:42.297;11:57.500;2025-12-14;M2533274805889819;GT3;Kyalami;
0.0;;Szpak#5797;92.0;Porsche 992 GT3 R;34.0;21.0;30.93;40.077;29.955;01:41.042;101042.0;01:40.962;35:21.882;2025-12-17;M2535450086590569;GT3;Kyalami;
0.0;;Szpak#5797;92.0;Porsche 992 GT3 R;34.0;4.0;31.17;40.427;30.252;01:41.850;101850.0;01:41.849;06:47.400;2025-12-17;M2535450086590569;GT3;Kyalami;
0.0;;Dr Flexi Jerkov;16.0;Bentley Continental GT3 2015;9.0;2.0;2147483.647;2147483.647;2147483.647;35791:23.647;2147483647.0;107374:10.941;71582:47.294;2025-12-17;M2533274805889819;GT3;Kyalami;
0.0;;Dr Flexi Jerkov;16.0;BMW M2 Club Sport Racing;29.0;5.0;31.72;42.142;31.037;01:44.900;104900.0;01:44.899;08:44.500;2025-12-17;M2533274805889819;GT3;Kyalami;
0.0;;bmatthew717;346.0;Ferrari 296 GT3;32.0;15.0;31.245;40.731;30.336;01:42.405;102405.0;01:42.312;25:36.075;2025-12-20;M2535456990131789;GT3;Kyalami;
0.0;;Biggreenman4;42.0;Ferrari 296 GT3;32.0;4.0;31.668;40.881;30.579;01:43.383;103383.0;01:43.128;06:53.532;2025-12-20;M2535429964314036;GT3;Kyalami;
0.0;;I S c I2 u I3 I;11.0;McLaren 720S GT3 Evo;35.0;6.0;31.455;40.947;30.645;01:43.360;103360.0;01:43.047;10:20.160;2025-12-21;M2533274817811996;GT3;Kyalami;
0.0;;Dr Flexi Jerkov;33.0;Ferrari 296 GT3;32.0;6.0;31.352;40.66;30.4;01:42.412;102412.0;01:42.412;10:14.472;2025-12-21;M2533274805889819;GT3;Kyalami;
0.0;;dmoney69812;777.0;Ferrari 296 GT3;32.0;4.0;31.41;41.307;30.987;01:43.704;103704.0;01:43.704;06:54.816;2025-12-23;M2533274853814129;GT3;Kyalami;
0.0;;Dr Flexi Jerkov;502.0;Ferrari 296 GT3;32.0;3.0;31.217;40.517;30.335;01:42.070;102070.0;01:42.069;05:06.210;2025-12-23;M2533274805889819;GT3;Kyalami;
0.0;;dmoney69812;777.0;Ferrari 296 GT3;32.0;8.0;31.542;40.848;30.357;01:42.759;102759.0;01:42.747;13:42.072;2025-12-24;M2533274853814129;GT3;Kyalami;
0.0;;Dr Flexi Jerkov;502.0;Ferrari 296 GT3;32.0;22.0;31.137;40.055;30.085;01:41.402;101402.0;01:41.277;37:10.844;2025-12-24;M2533274805889819;GT3;Kyalami;
0.0;;Imagine Sphax;23.0;Ferrari 296 GT3;32.0;7.0;31.116;40.17;30.048;01:41.412;101412.0;01:41.334;11:49.884;2025-12-24;M2533274876472342;GT3;Kyalami;
0.0;;I S c I2 u I3 I;11.0;McLaren 720S GT3 Evo;35.0;15.0;31.457;40.907;30.64;01:43.167;103167.0;01:43.004;25:47.505;2025-12-24;M2533274817811996;GT3;Kyalami;
0.0;;BoAPrawnStar;500.0;McLaren 720S GT3 Evo;35.0;0.0;2147483.647;2147483.647;2147483.647;35791:23.647;2147483647.0;107374:10.941;;2025-12-24;M2535426324983035;GT3;Kyalami;
0.0;;Imagine Sphax;501.0;Ferrari 296 GT3;32.0;0.0;2147483.647;2147483.647;2147483.647;35791:23.647;2147483647.0;107374:10.941;;2025-12-25;M2533274876472342;GT3;Kyalami;
0.0;;dmoney69812;777.0;Ferrari 296 GT3;32.0;0.0;2147483.647;2147483.647;2147483.647;35791:23.647;2147483647.0;107374:10.941;;2025-12-25;M2533274853814129;GT3;Kyalami;
0.0;;dmoney69812;777.0;Ferrari 296 GT3;32.0;18.0;31.41;40.74;30.39;01:42.687;102687.0;01:42.540;30:48.366;2025-12-25;M2533274853814129;GT3;Kyalami;
0.0;;dmoney69812;777.0;Ferrari 296 GT3;32.0;36.0;31.416;40.704;30.357;01:42.624;102624.0;01:42.477;61:34.464;2025-12-25;M2533274853814129;GT3;Kyalami;
0.0;;DR1VE#4787;88.0;Ferrari 296 GT3;32.0;6.0;30.91;39.99;29.925;01:40.825;100825.0;01:40.825;10:04.950;2025-12-25;M2535459005860319;GT3;Kyalami;
0.0;;bmatthew717;42.0;Ferrari 296 GT3;32.0;9.0;31.455;40.593;30.39;01:42.438;102438.0;01:42.438;15:21.942;2025-12-25;M2535456990131789;GT3;Kyalami;
0.0;;dmoney69812;777.0;Ferrari 296 GT3;32.0;21.0;31.287;40.617;30.459;01:42.465;102465.0;01:42.363;35:51.765;2025-12-26;M2533274853814129;GT3;Kyalami;
0.0;;Dr Flexi Jerkov;502.0;Ferrari 296 GT3;32.0;3.0;31.627;41.087;30.56;01:43.890;103890.0;01:43.274;05:11.670;2025-12-26;M2533274805889819;GT3;Kyalami;
0.0;;Dr Flexi Jerkov;502.0;Ferrari 296 GT3;32.0;15.0;31.215;40.46;30.325;01:42.132;102132.0;01:42.000;25:31.980;2025-12-26;M2533274805889819;GT3;Kyalami;
0.0;;Dr Flexi Jerkov;502.0;Ferrari 296 GT3;32.0;38.0;31.127;40.227;30.022;01:41.450;101450.0;01:41.376;64:15.100;2025-12-28;M2533274805889819;GT3;Kyalami;
0.0;;bmatthew717;42.0;Ferrari 296 GT3;32.0;24.0;31.14;40.338;30.225;01:41.838;101838.0;01:41.703;40:44.112;2025-12-28;M2535456990131789;GT3;Kyalami;
0.0;;dmoney69812;777.0;Ferrari 296 GT3;32.0;59.0;31.326;40.779;30.405;01:42.747;102747.0;01:42.510;101:02.073;2025-12-28;M2533274853814129;GT3;Kyalami;
0.0;;DR1VE#4787;88.0;Ferrari 296 GT3;32.0;12.0;30.865;39.975;29.997;01:40.982;100982.0;01:40.837;20:11.784;2025-12-29;M2535459005860319;GT3;Kyalami;
0.0;;Biggreenman4;42.0;Ferrari 296 GT3;32.0;10.0;31.47;40.818;30.273;01:42.861;102861.0;01:42.561;17:08.610;2025-12-30;M2535429964314036;GT3;Kyalami;
0.0;;I S c I2 u I3 I;11.0;McLaren 720S GT3 Evo;35.0;5.0;31.397;40.95;30.76;01:43.192;103192.0;01:43.107;08:35.960;2026-01-03;M2533274817811996;GT3;Kyalami;
0.0;;I S c I2 u I3 I;11.0;McLaren 720S GT3 Evo;35.0;10.0;31.427;40.832;30.662;01:43.122;103122.0;01:42.921;17:11.220;2026-01-03;M2533274817811996;GT3;Kyalami;
0.0;;BoAPrawnStar;500.0;McLaren 720S GT3 Evo;35.0;0.0;2147483.647;2147483.647;2147483.647;35791:23.647;2147483647.0;107374:10.941;;2026-01-04;M2535426324983035;GT3;Kyalami;
0.0;;I S c I2 u I3 I;11.0;McLaren 720S GT3 Evo;35.0;0.0;2147483.647;2147483.647;2147483.647;35791:23.647;2147483647.0;107374:10.941;;2026-01-04;M2533274817811996;GT3;Kyalami;
0.0;;I S c I2 u I3 I;11.0;McLaren 720S GT3 Evo;35.0;6.0;31.35;40.822;30.487;01:42.947;102947.0;01:42.659;10:17.682;2026-01-04;M2533274817811996;GT3;Kyalami;
0.0;;bmatthew717;42.0;Ferrari 296 GT3;32.0;47.0;31.131;40.524;30.288;01:42.270;102270.0;01:41.943;80:06.690;2026-01-05;M2535456990131789;GT3;Kyalami;
0.0;;bmatthew717;42.0;Ferrari 296 GT3;32.0;12.0;31.128;40.404;30.156;01:42.000;102000.0;01:41.688;20:24.000;2026-01-05;M2535456990131789;GT3;Kyalami;
0.0;;dmoney69812;777.0;Ferrari 296 GT3;32.0;3.0;31.344;41.301;30.657;01:43.302;103302.0;01:43.302;05:09.906;2026-01-07;M2533274853814129;GT3;Kyalami;
0.0;Dustin;Hatcher;502.0;Ferrari 296 GT3;32.0;14.0;31.04;40.332;30.137;01:41.757;101757.0;01:41.509;23:44.598;2026-01-07;M2533274853814129;GT3;Kyalami;
0.0;Solomon;Bosworth;500.0;McLaren 720S GT3 Evo;35.0;16.0;31.29;40.533;30.36;01:42.183;102183.0;01:42.183;27:14.928;2026-01-07;M2535429964314036;GT3;Kyalami;
0.0;;dmoney69812;777.0;Ferrari 296 GT3;32.0;3.0;31.194;40.908;30.696;01:42.798;102798.0;01:42.798;05:08.394;2026-01-08;M2533274853814129;GT3;Kyalami;
0.0;Dustin;Hatcher;502.0;Ferrari 296 GT3;32.0;5.0;31.101;40.596;30.414;01:42.111;102111.0;01:42.111;08:30.555;2026-01-09;M2533274853814129;GT3;Kyalami;
0.0;;I S c I2 u I3 I;500.0;McLaren 720S GT3 Evo;35.0;6.0;31.432;40.7;30.617;01:43.010;103010.0;01:42.749;10:18.060;2026-01-10;M2533274817811996;GT3;Kyalami;
0.0;;I S c I2 u I3 I;500.0;McLaren 720S GT3 Evo;35.0;0.0;2147483.647;2147483.647;2147483.647;35791:23.647;2147483647.0;107374:10.941;;2026-01-18;M2533274817811996;GT3;Kyalami;
0.0;Toby;Cirel;1.0;Ford Mustang GT3;36.0;37.0;36.875;31.63;26.362;01:35.170;95170.0;01:34.867;58:41.290;2025-09-21;M2535459005860319;GT3;Indianapolis;
0.0;Ben;Jones;80.0;McLaren 720S GT3 Evo;35.0;37.0;37.372;31.95;26.722;01:36.320;96320.0;01:36.044;59:23.840;2025-09-21;M2562092466593675;GT3;Indianapolis;
0.0;Nick;Efdee;2.0;Lexus RC F GT3;15.0;37.0;37.329;31.98;26.892;01:36.273;96273.0;01:36.201;59:22.101;2025-09-21;M2533274876472342;GT3;Indianapolis;
0.0;Jason;Macdonald;40.0;Ford Mustang GT3;36.0;37.0;37.425;31.997;26.59;01:36.560;96560.0;01:36.012;59:32.720;2025-09-21;M2533274809536861;GT3;Indianapolis;
0.0;Solomon;Bosworth;32.0;Porsche 992 GT3 R;34.0;37.0;37.512;32.082;26.859;01:36.723;96723.0;01:36.453;59:38.751;2025-09-21;M2535429964314036;GT3;Indianapolis;
0.0;Dustin;Hatcher;777.0;Ferrari 296 GT3;32.0;37.0;37.56;32.166;26.649;01:36.750;96750.0;01:36.375;59:39.750;2025-09-21;M2533274853814129;GT3;Indianapolis;
0.0;Graham;Kennedy;11.0;McLaren 720S GT3 Evo;35.0;37.0;37.582;31.937;26.84;01:36.602;96602.0;01:36.359;59:34.274;2025-09-21;M2533274817811996;GT3;Indianapolis;
0.0;Richard;Huxley;89.0;Ferrari 296 GT3;32.0;37.0;37.509;32.28;26.76;01:37.122;97122.0;01:36.549;59:53.514;2025-09-21;M2535454029768367;GT3;Indianapolis;
0.0;Mark;Browning;7.0;Ferrari 296 GT3;32.0;37.0;37.525;32.085;26.947;01:37.032;97032.0;01:36.557;59:50.184;2025-09-21;M2533274796566438;GT3;Indianapolis;
0.0;Luke;Saunders;77.0;BMW M4 GT3 2022;26.0;36.0;37.815;32.53;27.057;01:37.612;97612.0;01:37.402;58:34.032;2025-09-21;P3235842779263578181;GT3;Indianapolis;
0.0;Adam;Lovell;260.0;Ford Mustang GT3;36.0;36.0;37.662;32.109;26.859;01:37.011;97011.0;01:36.630;58:12.396;2025-09-21;M2535468859834853;GT3;Indianapolis;
0.0;John;Guise;10.0;Mercedes AMG GT3 2020;25.0;36.0;37.887;32.418;26.88;01:37.296;97296.0;01:37.185;58:22.656;2025-09-21;M2533274803882798;GT3;Indianapolis;
0.0;Sean;Briggs;88.0;Ferrari 296 GT3;32.0;36.0;37.667;32.215;27.117;01:37.012;97012.0;01:36.999;58:12.432;2025-09-21;M2535426324983035;GT3;Indianapolis;
0.0;Garry;Oldsimm;63.0;BMW M4 GT3 2022;26.0;36.0;37.962;32.497;27.262;01:38.160;98160.0;01:37.721;58:53.760;2025-09-21;M2535439873255427;GT3;Indianapolis;
0.0;Jesper;Beiboer;15.0;Aston Martin Vantage V8 2019;20.0;36.0;37.674;32.418;27.066;01:37.557;97557.0;01:37.158;58:32.052;2025-09-21;M2535465743812802;GT3;Indianapolis;
0.0;Rob;Sexton;13.0;McLaren 720S GT3 Evo;35.0;36.0;38.067;32.547;27.172;01:38.042;98042.0;01:37.786;58:49.512;2025-09-21;M2533274809212122;GT3;Indianapolis;
0.0;Zoltán;Keszeli;25.0;McLaren 720S GT3 Evo;35.0;35.0;37.26;31.95;26.715;01:36.020;96020.0;01:35.925;56:00.700;2025-09-21;M2535441603635242;GT3;Indianapolis;
0.0;David;Mojsa;81.0;McLaren 720S GT3 Evo;35.0;35.0;37.895;32.467;27.03;01:37.792;97792.0;01:37.392;57:02.720;2025-09-21;M2535450693182151;GT3;Indianapolis;
0.0;Gareth;Johnstone;420.0;McLaren 720S GT3 Evo;35.0;35.0;38.73;33.153;27.063;01:39.249;99249.0;01:38.946;57:53.715;2025-09-21;M2535421862963748;GT3;Indianapolis;
0.0;John;Gooday;18.0;BMW M4 GT3 2022;26.0;34.0;37.875;32.37;26.982;01:37.495;97495.0;01:37.227;55:14.830;2025-09-21;P6242924876318439157;GT3;Indianapolis;
0.0;James;Roche;87.0;Ferrari 296 GT3;32.0;24.0;38.37;32.751;27.279;01:38.640;98640.0;01:38.400;39:27.360;2025-09-21;M2535428335198107;GT3;Indianapolis;
0.0;Tony;Richmond;747.0;Ferrari 296 GT3;32.0;20.0;37.932;32.525;27.09;01:37.547;97547.0;01:37.547;32:30.940;2025-09-21;M2535463400577494;GT3;Indianapolis;
0.0;Linden;Hill;16.0;Ford Mustang GT3;36.0;18.0;37.272;31.887;26.502;01:36.022;96022.0;01:35.661;28:48.396;2025-09-21;M2533274805889819;GT3;Indianapolis;
0.0;Dylan;Illidge;550.0;BMW M4 GT3 2022;26.0;6.0;37.915;32.602;27.265;01:38.537;98537.0;01:37.782;09:51.222;2025-09-21;M2535428245246604;GT3;Indianapolis;
0.0;Jeremy;Rovig;65.0;Lamborghini Huracan GT3;4.0;4.0;2147483.647;2147483.647;2147483.647;35791:23.647;2147483647.0;107374:10.941;143165:34.588;2025-09-21;M2535407863017941;GT3;Indianapolis;
0.0;R;BoA-Briggs;52.0;Porsche 992 GT3 R;34.0;0.0;2147483.647;2147483.647;2147483.647;35791:23.647;2147483647.0;107374:10.941;;2025-09-21;M2533274963284096;GT3;Indianapolis;
0.0;Rey;Sabio Jr;144.0;BMW M4 GT3 2022;26.0;0.0;2147483.647;2147483.647;2147483.647;35791:23.647;2147483647.0;107374:10.941;;2025-09-21;M2535464171877570;GT3;Indianapolis;
0.0;;Imagine Sphax;201.0;Audi R8 LMS Evo 2;31.0;45.0;35.124;50.1;33.876;01:59.307;119307.0;01:59.100;89:28.815;2025-09-28;M2533274876472342;GT3;Silverstone;
0.0;;Dr Flexi Jerkov;101.0;Aston Martin Vantage V8 2019;20.0;45.0;35.185;50.237;33.767;01:59.805;119805.0;01:59.189;89:51.225;2025-09-28;M2533274805889819;GT3;Silverstone;
0.0;;Biggreenman4;502.0;Mercedes AMG GT3 2020;25.0;45.0;35.064;49.824;33.663;01:58.893;118893.0;01:58.551;89:10.185;2025-09-28;M2535429964314036;GT3;Silverstone;
0.0;;ANT MCVITTIE;601.0;Porsche 992 GT3 R;34.0;45.0;35.262;49.972;33.785;01:59.462;119462.0;01:59.019;89:35.790;2025-09-28;M2533274896948119;GT3;Silverstone;
0.0;;BoAPrawnStar;602.0;Porsche 992 GT3 R;34.0;45.0;35.487;50.455;33.947;02:00.015;120015.0;01:59.889;90:00.675;2025-09-28;M2535426324983035;GT3;Silverstone;
0.0;;WekFest81;102.0;Aston Martin Vantage V8 2019;20.0;45.0;35.432;50.402;33.957;01:59.945;119945.0;01:59.791;89:57.525;2025-09-28;M2535450693182151;GT3;Silverstone;
0.0;;SCRAPPER 2000;302.0;BMW M4 GT3 2022;26.0;45.0;35.415;50.837;34.165;02:00.715;120715.0;02:00.417;90:32.175;2025-09-28;M2533274796566438;GT3;Silverstone;
0.0;;bmatthew717;301.0;BMW M4 GT3 2022;26.0;45.0;35.148;50.571;33.951;01:59.871;119871.0;01:59.670;89:54.195;2025-09-28;M2535456990131789;GT3;Silverstone;
0.0;;KingWise76;401.0;McLaren 720S GT3 Evo;35.0;45.0;35.625;51.003;34.086;02:01.119;121119.0;02:00.714;90:50.355;2025-09-28;M2535464171877570;GT3;Silverstone;
0.0;;B00STG00SE;402.0;McLaren 720S GT3 Evo;35.0;44.0;35.215;50.132;33.815;01:59.687;119687.0;01:59.162;87:46.228;2025-09-28;M2535463400577494;GT3;Silverstone;
0.0;;Firecannon36;501.0;Mercedes AMG GT3 2020;25.0;44.0;35.672;50.912;34.107;02:00.802;120802.0;02:00.691;88:35.288;2025-09-28;M2535468358420160;GT3;Silverstone;
0.0;;DR1VE#4787;503.0;Mercedes AMG GT4;60.0;42.0;38.935;54.64;36.747;02:10.627;130627.0;02:10.322;91:26.334;2025-09-28;M2535459005860319;GT4;Silverstone;
0.0;;BadBen80;403.0;McLaren 570S GT4;59.0;42.0;38.525;54.425;36.397;02:09.550;129550.0;02:09.347;90:41.100;2025-09-28;M2562092466593675;GT4;Silverstone;
0.0;;Racingrich#2732;303.0;BMW M4 GT4;53.0;41.0;38.997;55.218;36.639;02:11.130;131130.0;02:10.854;89:36.330;2025-09-28;M2535454029768367;GT4;Silverstone;
0.0;;InocentPredator;304.0;BMW M4 GT4;53.0;41.0;39.32;56.277;36.767;02:12.735;132735.0;02:12.364;90:42.135;2025-09-28;M2533274809212122;GT4;Silverstone;
0.0;;LCS Ginge;504.0;Mercedes AMG GT4;60.0;41.0;39.744;55.554;37.422;02:13.527;133527.0;02:12.720;91:14.607;2025-09-28;M2535428335198107;GT4;Silverstone;
0.0;;BoA Diamond;103.0;Aston Martin Vantage GT4;51.0;41.0;39.141;55.329;36.813;02:11.505;131505.0;02:11.283;89:51.705;2025-09-28;M2533274963284096;GT4;Silverstone;
0.0;;Thebadden#6350;404.0;McLaren 570S GT4;59.0;41.0;38.739;54.891;36.459;02:10.707;130707.0;02:10.089;89:18.987;2025-09-28;M2535468859834853;GT4;Silverstone;
0.0;;dmoney69812;777.0;Porsche 718 Cayman GT4;61.0;40.0;39.564;55.794;37.236;02:12.804;132804.0;02:12.594;88:32.160;2025-09-28;M2533274853814129;GT4;Silverstone;
0.0;;J0N G10;204.0;Audi R8 LMS GT4;52.0;39.0;39.213;55.716;36.885;02:12.096;132096.0;02:11.814;85:51.744;2025-09-28;M2533274803882798;GT4;Silverstone;
0.0;;T1GZ81Honda;203.0;Audi R8 LMS GT4;52.0;12.0;39.855;55.815;37.281;02:13.482;133482.0;02:12.951;26:41.784;2025-09-28;M2535421862963748;GT4;Silverstone;
0.0;Graham;Kennedy;500.0;McLaren 720S GT3 Evo;35.0;4.0;35.78;51.067;34.142;02:01.290;121290.0;02:00.989;08:05.160;2025-10-26;M2533274817811996;GT3;Silverstone;
0.0;Graham;Kennedy;500.0;McLaren 720S GT3 Evo;35.0;6.0;35.66;50.962;34.02;02:00.817;120817.0;02:00.642;12:04.902;2025-10-26;M2533274817811996;GT3;Silverstone;
0.0;Graham;Kennedy;500.0;McLaren 720S GT3 Evo;35.0;0.0;2147483.647;2147483.647;2147483.647;35791:23.647;2147483647.0;107374:10.941;;2025-10-29;M2533274817811996;GT3;Silverstone;
0.0;Graham;Kennedy;500.0;McLaren 720S GT3 Evo;35.0;6.0;35.538;50.787;34.32;02:00.822;120822.0;02:00.645;12:04.932;2025-10-29;M2533274817811996;GT3;Silverstone;
0.0;;Szpak#5797;92.0;Porsche 992 GT3 R;34.0;6.0;35.055;50.272;33.852;01:59.380;119380.0;01:59.179;11:56.280;2025-10-30;M2535450086590569;GT3;Silverstone;
0.0;;Szpak#5797;92.0;Porsche 992 GT3 R;34.0;6.0;34.987;49.885;33.592;01:58.465;118465.0;01:58.464;11:50.790;2025-10-31;M2535450086590569;GT3;Silverstone;
0.0;;Biggreenman4;501.0;McLaren 720S GT3 Evo;35.0;5.0;34.932;49.842;33.684;01:58.617;118617.0;01:58.458;09:53.085;2025-10-31;M2535429964314036;GT3;Silverstone;
0.0;;BoAPrawnStar;500.0;McLaren 720S GT3 Evo;35.0;12.0;35.467;50.525;34.117;02:00.540;120540.0;02:00.109;24:06.480;2025-10-31;M2535426324983035;GT3;Silverstone;
0.0;;BoA Diamond;1.0;McLaren 720S GT3 Evo;35.0;14.0;35.577;50.979;34.347;02:01.152;121152.0;02:00.903;28:16.128;2025-10-31;M2533274963284096;GT3;Silverstone;
0.0;;BoA Diamond;1.0;McLaren 720S GT3 Evo;35.0;0.0;2147483.647;2147483.647;2147483.647;35791:23.647;2147483647.0;107374:10.941;;2025-11-01;M2533274963284096;GT3;Silverstone;
0.0;;ANT MCVITTIE;500.0;McLaren 720S GT3 Evo;35.0;2.0;35.955;51.007;34.582;02:01.862;121862.0;02:01.544;04:03.724;2025-11-01;M2533274896948119;GT3;Silverstone;
0.0;;ANT MCVITTIE;500.0;McLaren 720S GT3 Evo;35.0;5.0;35.475;50.895;34.265;02:00.820;120820.0;02:00.635;10:04.100;2025-11-01;M2533274896948119;GT3;Silverstone;
0.0;;BoAPrawnStar;500.0;McLaren 720S GT3 Evo;35.0;0.0;2147483.647;2147483.647;2147483.647;35791:23.647;2147483647.0;107374:10.941;;2025-11-01;M2535426324983035;GT3;Silverstone;
0.0;;BoAPrawnStar;500.0;McLaren 720S GT3 Evo;35.0;3.0;35.485;50.907;34.275;02:00.872;120872.0;02:00.667;06:02.616;2025-11-01;M2535426324983035;GT3;Silverstone;
0.0;;BoAPrawnStar;500.0;McLaren 720S GT3 Evo;35.0;3.0;35.645;50.757;34.357;02:01.127;121127.0;02:00.759;06:03.381;2025-11-02;M2535426324983035;GT3;Silverstone;
0.0;;InocentPredator;13.0;McLaren 720S GT3 Evo;35.0;27.0;35.337;50.417;34.005;01:59.935;119935.0;01:59.759;53:58.245;2025-11-03;M2533274809212122;GT3;Silverstone;
0.0;;I S c I2 u I3 I;11.0;McLaren 720S GT3 Evo;35.0;16.0;35.517;50.57;34.017;02:00.215;120215.0;02:00.104;32:03.440;2025-11-03;M2533274817811996;GT3;Silverstone;
0.0;Ben;Jones;80.0;McLaren 720S GT3 Evo;35.0;28.0;38.077;53.722;35.622;02:07.677;127677.0;02:07.421;59:34.956;2025-11-09;M2562092466593675;GT3;Silverstone;
0.0;Andrew;Mcvittie;116.0;Aston Martin Vantage V8 2019;20.0;28.0;37.907;53.935;35.652;02:07.800;127800.0;02:07.494;59:38.400;2025-11-09;M2533274896948119;GT3;Silverstone;
0.0;Solomon;Bosworth;32.0;Porsche 992 GT3 R;34.0;28.0;37.881;53.835;35.574;02:07.647;127647.0;02:07.290;59:34.116;2025-11-09;M2535429964314036;GT3;Silverstone;
0.0;Linden;Hill;16.0;Ford Mustang GT3;36.0;28.0;37.467;54.142;35.48;02:07.325;127325.0;02:07.089;59:25.100;2025-11-09;M2533274805889819;GT3;Silverstone;
0.0;Sean;Briggs;88.0;Ferrari 296 GT3;32.0;28.0;37.975;54.117;35.7;02:08.302;128302.0;02:07.792;59:52.456;2025-11-09;M2535426324983035;GT3;Silverstone;
0.0;Richard;Huxley;89.0;Ferrari 296 GT3;32.0;28.0;37.986;54.138;35.529;02:08.289;128289.0;02:07.653;59:52.092;2025-11-09;M2535454029768367;GT3;Silverstone;
0.0;Graham;Kennedy;11.0;McLaren 720S GT3 Evo;35.0;28.0;38.045;54.112;35.737;02:08.445;128445.0;02:07.894;59:56.460;2025-11-09;M2533274817811996;GT3;Silverstone;
0.0;Dustin;Hatcher;777.0;Ferrari 296 GT3;32.0;28.0;38.205;54.369;35.799;02:08.703;128703.0;02:08.373;60:03.684;2025-11-09;M2533274853814129;GT3;Silverstone;
0.0;Brian;Slater;20.0;Ford Mustang GT3;36.0;28.0;37.8;54.618;35.847;02:08.526;128526.0;02:08.265;59:58.728;2025-11-09;M2533274804593068;GT3;Silverstone;
0.0;Jesper;Beiboer;15.0;Aston Martin Vantage V8 2019;20.0;28.0;38.127;54.381;35.871;02:08.379;128379.0;02:08.379;59:54.612;2025-11-09;M2535465743812802;GT3;Silverstone;
0.0;Nick;Efdee;23.0;Lexus RC F GT3;15.0;28.0;37.614;53.742;35.505;02:07.221;127221.0;02:06.861;59:22.188;2025-11-09;M2533274876472342;GT3;Silverstone;
0.0;Adam;Lovell;260.0;Ford Mustang GT3;36.0;28.0;37.569;54.339;35.478;02:07.890;127890.0;02:07.386;59:40.920;2025-11-09;M2535468859834853;GT3;Silverstone;
0.0;Mark;Browning;7.0;Ferrari 296 GT3;32.0;28.0;38.042;54.455;35.955;02:08.625;128625.0;02:08.452;60:01.500;2025-11-09;M2533274796566438;GT3;Silverstone;
0.0;Jason;Macdonald;40.0;Ford Mustang GT3;36.0;28.0;38.182;54.74;35.87;02:09.052;129052.0;02:08.792;60:13.456;2025-11-09;M2533274809536861;GT3;Silverstone;
0.0;Scott;Currie;24.0;Bentley Continental GT3 2018;8.0;28.0;38.022;53.97;35.613;02:07.896;127896.0;02:07.605;59:41.088;2025-11-09;M2533274976716913;GT3;Silverstone;
0.0;Rob;Sexton;13.0;McLaren 720S GT3 Evo;35.0;28.0;38.482;54.482;35.935;02:09.382;129382.0;02:08.899;60:22.696;2025-11-09;M2533274809212122;GT3;Silverstone;
0.0;John;Gooday;18.0;BMW M4 GT3 2022;26.0;27.0;38.462;54.707;36.155;02:09.787;129787.0;02:09.324;58:24.249;2025-11-09;P6242924876318439157;GT3;Silverstone;
0.0;Mark;Stapely;142.0;McLaren 720S GT3 Evo;35.0;27.0;38.765;54.757;36.112;02:09.945;129945.0;02:09.634;58:28.515;2025-11-09;M2533274804293173;GT3;Silverstone;
0.0;Luke;Saunders;77.0;BMW M4 GT3 2022;26.0;27.0;38.977;55.24;35.972;02:10.190;130190.0;02:10.189;58:35.130;2025-11-09;P3235842779263578181;GT3;Silverstone;
0.0;Craig;Barfield;202.0;McLaren 720S GT3 Evo;35.0;27.0;38.967;55.005;36.387;02:10.950;130950.0;02:10.359;58:55.650;2025-11-09;P6555717445734582767;GT3;Silverstone;
0.0;John;Guise;10.0;Mercedes AMG GT3 2020;25.0;26.0;38.415;54.837;36.021;02:09.612;129612.0;02:09.273;56:09.912;2025-11-09;M2533274803882798;GT3;Silverstone;
0.0;Toby;Cirel;1.0;Ford Mustang GT3;36.0;9.0;37.487;53.77;35.335;02:06.687;126687.0;02:06.592;19:00.183;2025-11-09;M2535459005860319;GT3;Silverstone;
0.0;;Szpak#5797;14.0;BMW M2 Club Sport Racing;29.0;0.0;2147483.647;2147483.647;2147483.647;35791:23.647;2147483647.0;107374:10.941;;2025-12-21;M2535450086590569;GT3;Silverstone;
0.0;;Racingrich#2732;911.0;BMW M2 Club Sport Racing;29.0;0.0;2147483.647;2147483.647;2147483.647;35791:23.647;2147483647.0;107374:10.941;;2025-12-21;M2535454029768367;GT3;Silverstone;
0.0;;BoA Diamond;1.0;BMW M2 Club Sport Racing;29.0;0.0;2147483.647;2147483.647;2147483.647;35791:23.647;2147483647.0;107374:10.941;;2025-12-21;M2533274963284096;GT3;Silverstone;
0.0;Adam;Lovell;260.0;Ford Mustang GT3;36.0;0.0;2147483.647;2147483.647;2147483.647;35791:23.647;2147483647.0;107374:10.941;;2025-07-30;M2535468859834853;GT3;Watkins Glen;
0.0;Linden;Hill;16.0;Bentley Continental GT3 2018;8.0;4.0;31.542;40.955;30.505;01:43.180;103180.0;01:43.002;06:52.720;2025-08-12;M2533274805889819;GT3;Watkins Glen;
0.0;Linden;Hill;7.0;Bentley Continental GT3 2018;8.0;4.0;29.592;35.015;41.372;01:45.980;105980.0;01:45.979;07:03.920;2025-08-21;M2533274805889819;GT3;Watkins Glen;
0.0;Adam;Lovell;260.0;Ford Mustang GT3;36.0;7.0;29.361;35.271;42.075;01:46.707;106707.0;01:46.707;12:26.949;2025-08-21;M2535468859834853;GT3;Watkins Glen;
0.0;Gareth;Johnstone;420.0;Honda NSX Evo 2019;21.0;0.0;2147483.647;2147483.647;2147483.647;35791:23.647;2147483647.0;107374:10.941;;2025-08-21;M2535421862963748;GT3;Watkins Glen;
0.0;Benjamin;Matthew;42.0;Ferrari 296 GT3;32.0;0.0;2147483.647;2147483.647;2147483.647;35791:23.647;2147483647.0;107374:10.941;;2025-09-03;M2535456990131789;GT3;Watkins Glen;
0.0;;BoAPrawnStar;100.0;Ferrari 296 GT3;32.0;0.0;2147483.647;2147483.647;2147483.647;35791:23.647;2147483647.0;107374:10.941;;2025-09-07;M2535426324983035;GT3;Watkins Glen;
0.0;;BoA Diamond;92.0;Porsche 992 GT3 R;34.0;0.0;2147483.647;2147483.647;2147483.647;35791:23.647;2147483647.0;107374:10.941;;2025-09-07;M2533274963284096;GT3;Watkins Glen;
0.0;;Thebadden#6350;260.0;Ford Mustang GT3;36.0;0.0;2147483.647;2147483.647;2147483.647;35791:23.647;2147483647.0;107374:10.941;;2025-09-07;M2535468859834853;GT3;Watkins Glen;
0.0;;Thebadden#6350;260.0;Ford Mustang GT3;36.0;5.0;29.232;35.262;41.751;01:46.260;106260.0;01:46.245;08:51.300;2025-09-07;M2535468859834853;GT3;Watkins Glen;
0.0;;BoA Diamond;92.0;Porsche 992 GT3 R;34.0;2.0;29.973;34.938;41.298;01:46.260;106260.0;01:46.209;03:32.520;2025-09-07;M2533274963284096;GT3;Watkins Glen;
0.0;Toby;Cirel;1.0;Ford Mustang GT3;36.0;32.0;30.44;36.555;42.822;01:49.975;109975.0;01:49.817;58:39.200;2025-10-05;M2535459005860319;GT3;Watkins Glen;
0.0;Linden;Hill;16.0;Ford Mustang GT3;36.0;32.0;30.565;36.98;43.017;01:50.660;110660.0;01:50.562;59:01.120;2025-10-05;M2533274805889819;GT3;Watkins Glen;
0.0;Ben;Jones;80.0;McLaren 720S GT3 Evo;35.0;32.0;31.042;36.805;43.272;01:51.365;111365.0;01:51.119;59:23.680;2025-10-05;M2562092466593675;GT3;Watkins Glen;
0.0;Richard;Huxley;89.0;Ferrari 296 GT3;32.0;32.0;31.047;37.029;43.341;01:51.462;111462.0;01:51.417;59:26.784;2025-10-05;M2535454029768367;GT3;Watkins Glen;
0.0;Dustin;Hatcher;777.0;Ferrari 296 GT3;32.0;32.0;31.122;37.065;43.389;01:51.849;111849.0;01:51.576;59:39.168;2025-10-05;M2533274853814129;GT3;Watkins Glen;
0.0;Mark;Browning;7.0;Ferrari 296 GT3;32.0;32.0;31.002;37.22;43.367;01:51.685;111685.0;01:51.589;59:33.920;2025-10-05;M2533274796566438;GT3;Watkins Glen;
0.0;Solomon;Bosworth;32.0;Porsche 992 GT3 R;34.0;32.0;30.921;37.041;43.176;01:51.315;111315.0;01:51.138;59:22.080;2025-10-05;M2535429964314036;GT3;Watkins Glen;
0.0;Andrew;Mcvittie;116.0;Aston Martin Vantage V8 2019;20.0;32.0;30.685;37.195;43.417;01:51.662;111662.0;01:51.297;59:33.184;2025-10-05;M2533274896948119;GT3;Watkins Glen;
0.0;Sean;Briggs;88.0;Ferrari 296 GT3;32.0;32.0;31.38;37.032;43.587;01:52.262;112262.0;01:51.999;59:52.384;2025-10-05;M2535426324983035;GT3;Watkins Glen;
0.0;Graham;Kennedy;11.0;McLaren 720S GT3 Evo;35.0;32.0;30.685;36.325;42.85;01:49.860;109860.0;01:49.860;58:35.520;2025-10-05;M2533274817811996;GT3;Watkins Glen;
0.0;Benjamin;Matthew;42.0;Ferrari 296 GT3;32.0;32.0;31.029;36.9;43.209;01:51.630;111630.0;01:51.138;59:32.160;2025-10-05;M2535456990131789;GT3;Watkins Glen;
0.0;Nick;Efdee;23.0;Lexus RC F GT3;15.0;31.0;30.849;36.813;43.281;01:51.036;111036.0;01:50.943;57:22.116;2025-10-05;M2533274876472342;GT3;Watkins Glen;
0.0;Brian;Slater;20.0;Ford Mustang GT3;36.0;31.0;30.633;37.164;43.431;01:52.167;112167.0;01:51.228;57:57.177;2025-10-05;M2533274804593068;GT3;Watkins Glen;
0.0;Garry;Oldsimm;63.0;BMW M4 GT3 2022;26.0;31.0;31.517;37.677;43.952;01:53.467;113467.0;01:53.146;58:37.477;2025-10-05;M2535439873255427;GT3;Watkins Glen;
0.0;Mark;Stapely;142.0;McLaren 720S GT3 Evo;35.0;31.0;31.01;37.242;43.02;01:51.877;111877.0;01:51.272;57:48.187;2025-10-05;M2533274804293173;GT3;Watkins Glen;
0.0;Luke;Saunders;77.0;BMW M4 GT3 2022;26.0;31.0;31.43;37.837;44.162;01:53.430;113430.0;01:53.429;58:36.330;2025-10-05;P3235842779263578181;GT3;Watkins Glen;
0.0;Gareth;Johnstone;420.0;McLaren 720S GT3 Evo;35.0;31.0;31.479;37.557;44.196;01:53.688;113688.0;01:53.232;58:44.328;2025-10-05;M2535421862963748;GT3;Watkins Glen;
0.0;Rob;Sexton;13.0;McLaren 720S GT3 Evo;35.0;30.0;30.407;37.222;43.71;01:51.340;111340.0;01:51.339;55:40.200;2025-10-05;M2533274809212122;GT3;Watkins Glen;
0.0;Jason;Macdonald;40.0;Ford Mustang GT3;36.0;30.0;30.46;36.582;43.46;01:50.832;110832.0;01:50.502;55:24.960;2025-10-05;M2533274809536861;GT3;Watkins Glen;
0.0;James;Roche;87.0;Ferrari 296 GT3;32.0;30.0;31.542;38.094;44.991;01:54.861;114861.0;01:54.627;57:25.830;2025-10-05;M2535428335198107;GT3;Watkins Glen;
0.0;Craig;Barfield;202.0;McLaren 720S GT3 Evo;35.0;29.0;31.687;38.467;44.632;01:55.127;115127.0;01:54.786;55:38.683;2025-10-05;P6555717445734582767;GT3;Watkins Glen;
0.0;John;Gooday;18.0;BMW M4 GT3 2022;26.0;24.0;31.4;37.74;43.882;01:53.545;113545.0;01:53.022;45:25.080;2025-10-05;P6242924876318439157;GT3;Watkins Glen;
0.0;David;Mojsa;81.0;McLaren 720S GT3 Evo;35.0;17.0;31.457;37.792;43.9;01:53.282;113282.0;01:53.149;32:05.794;2025-10-05;M2535450693182151;GT3;Watkins Glen;
0.0;Adam;Lovell;260.0;Ford Mustang GT3;36.0;17.0;30.504;37.605;43.686;01:51.966;111966.0;01:51.795;31:43.422;2025-10-05;M2535468859834853;GT3;Watkins Glen;
0.0;Jesper;Beiboer;15.0;Aston Martin Vantage V8 2019;20.0;8.0;31.011;37.359;43.452;01:51.981;111981.0;01:51.822;14:55.848;2025-10-05;M2535465743812802;GT3;Watkins Glen;
0.0;Dylan;Illidge;550.0;BMW M4 GT3 2022;26.0;1.0;34.922;39.49;44.952;01:59.365;119365.0;01:59.364;01:59.365;2025-10-05;M2535428245246604;GT3;Watkins Glen;
0.0;Rey;Sabio Jr;144.0;BMW M4 GT3 2022;26.0;0.0;2147483.647;2147483.647;2147483.647;35791:23.647;2147483647.0;107374:10.941;;2025-10-05;M2535464171877570;GT3;Watkins Glen;
0.0;R;BoA-Briggs;52.0;Porsche 992 GT3 R;34.0;0.0;2147483.647;2147483.647;2147483.647;35791:23.647;2147483647.0;107374:10.941;;2025-10-05;M2533274963284096;GT3;Watkins Glen;
0.0;Toby;Cirel;1.0;Ford Mustang GT3;36.0;30.0;37.9;55.32;26.687;02:00.312;120312.0;01:59.907;60:09.360;2025-10-12;M2535459005860319;GT3;Mount Panorama;
0.0;Benjamin;Matthew;42.0;Ferrari 296 GT3;32.0;30.0;38.469;55.746;26.97;02:01.317;121317.0;02:01.185;60:39.510;2025-10-12;M2535456990131789;GT3;Mount Panorama;
0.0;Nick;Efdee;23.0;Lexus RC F GT3;15.0;30.0;38.397;55.701;26.928;02:01.425;121425.0;02:01.026;60:42.750;2025-10-12;M2533274876472342;GT3;Mount Panorama;
0.0;Linden;Hill;16.0;Ford Mustang GT3;36.0;30.0;38.232;56.207;27.155;02:01.852;121852.0;02:01.594;60:55.560;2025-10-12;M2533274805889819;GT3;Mount Panorama;
0.0;Ben;Jones;80.0;McLaren 720S GT3 Evo;35.0;30.0;38.397;56.117;26.997;02:01.817;121817.0;02:01.511;60:54.510;2025-10-12;M2562092466593675;GT3;Mount Panorama;
0.0;Mark;Stapely;142.0;McLaren 720S GT3 Evo;35.0;30.0;38.65;56.402;27.165;02:02.610;122610.0;02:02.217;61:18.300;2025-10-12;M2533274804293173;GT3;Mount Panorama;
0.0;Richard;Huxley;89.0;Ferrari 296 GT3;32.0;30.0;38.682;56.568;27.276;02:03.057;123057.0;02:02.526;61:31.710;2025-10-12;M2535454029768367;GT3;Mount Panorama;
0.0;Solomon;Bosworth;32.0;Porsche 992 GT3 R;34.0;30.0;38.49;56.046;27.006;02:01.755;121755.0;02:01.542;60:52.650;2025-10-12;M2535429964314036;GT3;Mount Panorama;
0.0;Sean;Briggs;88.0;Ferrari 296 GT3;32.0;29.0;38.99;57.162;27.317;02:03.910;123910.0;02:03.469;59:53.390;2025-10-12;M2535426324983035;GT3;Mount Panorama;
0.0;Andrew;Mcvittie;116.0;Aston Martin Vantage V8 2019;20.0;29.0;38.797;56.31;27.145;02:02.652;122652.0;02:02.252;59:16.908;2025-10-12;M2533274896948119;GT3;Mount Panorama;
0.0;Graham;Kennedy;11.0;McLaren 720S GT3 Evo;35.0;29.0;38.722;56.342;27.352;02:02.742;122742.0;02:02.416;59:19.518;2025-10-12;M2533274817811996;GT3;Mount Panorama;
0.0;Luke;Saunders;77.0;BMW M4 GT3 2022;26.0;29.0;38.945;57.715;27.325;02:04.362;124362.0;02:03.985;60:06.498;2025-10-12;P3235842779263578181;GT3;Mount Panorama;
0.0;John;Guise;10.0;Mercedes AMG GT3 2020;25.0;29.0;39.189;58.056;27.513;02:05.196;125196.0;02:04.758;60:30.684;2025-10-12;M2533274803882798;GT3;Mount Panorama;
0.0;Dustin;Hatcher;777.0;Ferrari 296 GT3;32.0;29.0;38.661;56.448;27.03;02:02.616;122616.0;02:02.139;59:15.864;2025-10-12;M2533274853814129;GT3;Mount Panorama;
0.0;Rob;Sexton;13.0;McLaren 720S GT3 Evo;35.0;29.0;39.01;57.515;27.547;02:04.477;124477.0;02:04.072;60:09.833;2025-10-12;M2533274809212122;GT3;Mount Panorama;
0.0;Scott;Currie;24.0;Bentley Continental GT3 2018;8.0;28.0;38.733;56.748;27.111;02:02.688;122688.0;02:02.592;57:15.264;2025-10-12;M2533274976716913;GT3;Mount Panorama;
0.0;Jason;Macdonald;40.0;Ford Mustang GT3;36.0;28.0;38.94;57.452;27.44;02:04.187;124187.0;02:03.832;57:57.236;2025-10-12;M2533274809536861;GT3;Mount Panorama;
0.0;Mark;Browning;7.0;Ferrari 296 GT3;32.0;28.0;38.86;57.11;27.515;02:03.875;123875.0;02:03.485;57:48.500;2025-10-12;M2533274796566438;GT3;Mount Panorama;
0.0;James;Roche;87.0;Ferrari 296 GT3;32.0;28.0;39.72;59.052;27.747;02:07.290;127290.0;02:06.519;59:24.120;2025-10-12;M2535428335198107;GT3;Mount Panorama;
0.0;Brian;Slater;20.0;Ford Mustang GT3;36.0;28.0;38.787;56.415;27.345;02:02.565;122565.0;02:02.547;57:11.820;2025-10-12;M2533274804593068;GT3;Mount Panorama;
0.0;;JonnyRenwick1;97.0;Ford Mustang GT3;36.0;25.0;38.715;56.547;27.455;02:03.190;123190.0;02:02.717;51:19.750;2025-10-12;P2195662418403354564;GT3;Mount Panorama;
0.0;John;Gooday;18.0;BMW M4 GT3 2022;26.0;21.0;38.625;56.437;27.222;02:02.795;122795.0;02:02.284;42:58.695;2025-10-12;P6242924876318439157;GT3;Mount Panorama;
0.0;Steve;Carter;167.0;McLaren 720S GT3 Evo;35.0;21.0;39.62;58.547;28.115;02:06.527;126527.0;02:06.282;44:17.067;2025-10-12;M2535453281193149;GT3;Mount Panorama;
0.0;Adam;Lovell;260.0;Ford Mustang GT3;36.0;18.0;38.976;57.15;27.174;02:03.819;123819.0;02:03.300;37:08.742;2025-10-12;M2535468859834853;GT3;Mount Panorama;
0.0;Craig;Barfield;202.0;McLaren 720S GT3 Evo;35.0;18.0;39.465;57.422;27.877;02:04.985;124985.0;02:04.764;37:29.730;2025-10-12;P6555717445734582767;GT3;Mount Panorama;
0.0;Corey;Tidman;56.0;BMW M4 GT3 2022;26.0;11.0;38.97;56.885;27.39;02:03.245;123245.0;02:03.245;22:35.695;2025-10-12;M2535422371678774;GT3;Mount Panorama;
0.0;Garry;Oldsimm;63.0;BMW M4 GT3 2022;26.0;4.0;39.877;58.682;27.885;02:06.730;126730.0;02:06.444;08:26.920;2025-10-12;M2535439873255427;GT3;Mount Panorama;
0.0;Gareth;Johnstone;420.0;McLaren 720S GT3 Evo;35.0;2.0;2147483.647;2147483.647;2147483.647;35791:23.647;2147483647.0;107374:10.941;71582:47.294;2025-10-12;M2535421862963748;GT3;Mount Panorama;
0.0;Rey;Sabio Jr;144.0;BMW M4 GT3 2022;26.0;0.0;2147483.647;2147483.647;2147483.647;35791:23.647;2147483647.0;107374:10.941;;2025-10-12;M2535464171877570;GT3;Mount Panorama;
0.0;R;BoA-Briggs;52.0;Porsche 992 GT3 R;34.0;0.0;2147483.647;2147483.647;2147483.647;35791:23.647;2147483647.0;107374:10.941;;2025-10-12;M2533274963284096;GT3;Mount Panorama;
0.0;Nick;Efdee;23.0;Lexus RC F GT3;15.0;28.0;43.176;56.028;28.17;02:07.569;127569.0;02:07.374;59:31.932;2025-10-19;M2533274876472342;GT3;Suzuka;
0.0;Ben;Jones;80.0;McLaren 720S GT3 Evo;35.0;28.0;43.46;56.232;28.247;02:08.272;128272.0;02:07.939;59:51.616;2025-10-19;M2562092466593675;GT3;Suzuka;
0.0;Linden;Hill;16.0;Ford Mustang GT3;36.0;28.0;43.385;56.122;28.14;02:08.110;128110.0;02:07.647;59:47.080;2025-10-19;M2533274805889819;GT3;Suzuka;
0.0;Andrew;Mcvittie;116.0;Aston Martin Vantage V8 2019;20.0;28.0;43.392;56.415;28.327;02:08.567;128567.0;02:08.134;59:59.876;2025-10-19;M2533274896948119;GT3;Suzuka;
0.0;Jesper;Beiboer;15.0;Aston Martin Vantage V8 2019;20.0;28.0;43.593;56.844;28.476;02:09.312;129312.0;02:08.913;60:20.736;2025-10-19;M2535465743812802;GT3;Suzuka;
0.0;Richard;Huxley;89.0;Ferrari 296 GT3;32.0;28.0;43.542;56.481;28.515;02:08.733;128733.0;02:08.538;60:04.524;2025-10-19;M2535454029768367;GT3;Suzuka;
0.0;Brian;Slater;20.0;Ford Mustang GT3;36.0;28.0;43.611;56.628;28.5;02:08.889;128889.0;02:08.739;60:08.892;2025-10-19;M2533274804593068;GT3;Suzuka;
0.0;Dustin;Hatcher;777.0;Ferrari 296 GT3;32.0;28.0;43.44;56.691;28.428;02:08.763;128763.0;02:08.559;60:05.364;2025-10-19;M2533274853814129;GT3;Suzuka;
0.0;Sean;Briggs;88.0;Ferrari 296 GT3;32.0;28.0;43.585;56.99;28.452;02:09.322;129322.0;02:09.027;60:21.016;2025-10-19;M2535426324983035;GT3;Suzuka;
0.0;John;Gooday;18.0;BMW M4 GT3 2022;26.0;28.0;43.927;56.812;28.567;02:09.657;129657.0;02:09.306;60:30.396;2025-10-19;P6242924876318439157;GT3;Suzuka;
0.0;Benjamin;Matthew;42.0;Ferrari 296 GT3;32.0;28.0;43.857;56.559;28.371;02:09.066;129066.0;02:08.787;60:13.848;2025-10-19;M2535456990131789;GT3;Suzuka;
0.0;John;Guise;10.0;Mercedes AMG GT3 2020;25.0;28.0;43.887;56.817;28.677;02:09.411;129411.0;02:09.381;60:23.508;2025-10-19;M2533274803882798;GT3;Suzuka;
0.0;Garry;Oldsimm;63.0;BMW M4 GT3 2022;26.0;28.0;44.205;57.567;28.937;02:11.075;131075.0;02:10.709;61:10.100;2025-10-19;M2535439873255427;GT3;Suzuka;
0.0;Luke;Saunders;77.0;BMW M4 GT3 2022;26.0;28.0;43.825;56.79;28.695;02:09.545;129545.0;02:09.310;60:27.260;2025-10-19;P3235842779263578181;GT3;Suzuka;
0.0;Toby;Cirel;1.0;Ford Mustang GT3;36.0;28.0;43.1;55.932;28.092;02:07.185;127185.0;02:07.124;59:21.180;2025-10-19;M2535459005860319;GT3;Suzuka;
0.0;Adam;Lovell;260.0;Ford Mustang GT3;36.0;28.0;43.725;56.508;28.575;02:09.351;129351.0;02:08.808;60:21.828;2025-10-19;M2535468859834853;GT3;Suzuka;
0.0;Rob;Sexton;13.0;McLaren 720S GT3 Evo;35.0;28.0;44.05;57.305;28.692;02:10.307;130307.0;02:10.047;60:48.596;2025-10-19;M2533274809212122;GT3;Suzuka;
0.0;James;Roche;87.0;Ferrari 296 GT3;32.0;22.0;44.205;57.588;28.866;02:11.160;131160.0;02:10.659;48:05.520;2025-10-19;M2535428335198107;GT3;Suzuka;
0.0;Mark;Stapely;142.0;McLaren 720S GT3 Evo;35.0;13.0;43.66;57.332;28.832;02:09.940;129940.0;02:09.824;28:09.220;2025-10-19;M2533274804293173;GT3;Suzuka;
0.0;R;BoA-Briggs;65.0;Ford Mustang GT3;36.0;0.0;2147483.647;2147483.647;2147483.647;35791:23.647;2147483647.0;107374:10.941;;2025-10-19;M2533274963284096;GT3;Suzuka;
0.0;Rey;Sabio Jr;144.0;BMW M4 GT3 2022;26.0;0.0;2147483.647;2147483.647;2147483.647;35791:23.647;2147483647.0;107374:10.941;;2025-10-19;M2535464171877570;GT3;Suzuka;
0.0;;Thebadden#6350;260.0;Ford Mustang GT3;36.0;0.0;2147483.647;2147483.647;2147483.647;35791:23.647;2147483647.0;107374:10.941;;2025-09-07;M2535468859834853;GT3;Spa;
0.0;;bmatthew717;42.0;Ferrari 296 GT3;32.0;3.0;40.833;60.852;36.441;02:18.231;138231.0;02:18.126;06:54.693;2025-09-07;M2535456990131789;GT3;Spa;
0.0;;Thebadden#6350;260.0;Ford Mustang GT3;36.0;1.0;41.025;62.298;36.981;02:20.304;140304.0;02:20.304;02:20.304;2025-09-07;M2535468859834853;GT3;Spa;
0.0;;BoA Diamond;92.0;Porsche 992 GT3 R;34.0;0.0;2147483.647;2147483.647;2147483.647;35791:23.647;2147483647.0;107374:10.941;;2025-09-07;M2533274963284096;GT3;Spa;
0.0;;Thebadden#6350;260.0;Ford Mustang GT3;36.0;2.0;40.695;62.178;37.071;02:19.944;139944.0;02:19.944;04:39.888;2025-09-07;M2535468859834853;GT3;Spa;
0.0;;bmatthew717;42.0;Ferrari 296 GT3;32.0;0.0;2147483.647;2147483.647;2147483.647;35791:23.647;2147483647.0;107374:10.941;;2025-09-07;M2535456990131789;GT3;Spa;
0.0;;BoA Diamond;92.0;Porsche 992 GT3 R;34.0;3.0;2147483.647;2147483.647;2147483.647;35791:23.647;2147483647.0;107374:10.941;107374:10.941;2025-09-07;M2533274963284096;GT3;Spa;
0.0;;BoAPrawnStar;100.0;Ferrari 296 GT3;32.0;0.0;2147483.647;2147483.647;2147483.647;35791:23.647;2147483647.0;107374:10.941;;2025-09-07;M2535426324983035;GT3;Spa;
0.0;;BoAPrawnStar;100.0;Ferrari 296 GT3;32.0;13.0;41.2;61.47;36.94;02:19.617;139617.0;02:19.610;30:15.021;2025-09-07;M2535426324983035;GT3;Spa;
0.0;;Thebadden#6350;260.0;Ford Mustang GT3;36.0;13.0;41.031;61.536;37.386;02:19.953;139953.0;02:19.953;30:19.389;2025-09-07;M2535468859834853;GT3;Spa;
0.0;;BoA Diamond;92.0;Porsche 992 GT3 R;34.0;10.0;2147483.647;2147483.647;2147483.647;35791:23.647;2147483647.0;107374:10.941;357913:56.470;2025-09-07;M2533274963284096;GT3;Spa;
0.0;;bmatthew717;42.0;Ferrari 296 GT3;32.0;10.0;41.001;61.845;36.969;02:20.013;140013.0;02:19.815;23:20.130;2025-09-07;M2535456990131789;GT3;Spa;
0.0;;T1GZ81Honda;11.0;Audi R8 LMS Evo 2;31.0;0.0;2147483.647;2147483.647;2147483.647;35791:23.647;2147483647.0;107374:10.941;;2025-09-07;M2535421862963748;GT3;Spa;
0.0;Ben;Jones;80.0;McLaren 720S GT3 Evo;35.0;26.0;40.102;60.65;36.182;02:17.197;137197.0;02:16.934;59:27.122;2025-11-02;M2562092466593675;GT3;Spa;
0.0;Nick;Efdee;23.0;Lexus RC F GT3;15.0;26.0;40.461;60.768;36.282;02:17.721;137721.0;02:17.511;59:40.746;2025-11-02;M2533274876472342;GT3;Spa;
0.0;Toby;Cirel;1.0;Ford Mustang GT3;36.0;26.0;40.222;60.457;36.182;02:17.272;137272.0;02:16.861;59:29.072;2025-11-02;M2535459005860319;GT3;Spa;
0.0;Scott;Currie;24.0;Bentley Continental GT3 2018;8.0;26.0;40.704;60.612;36.39;02:18.006;138006.0;02:17.706;59:48.156;2025-11-02;M2533274976716913;GT3;Spa;
0.0;Solomon;Bosworth;32.0;Porsche 992 GT3 R;34.0;26.0;40.425;60.729;36.273;02:17.685;137685.0;02:17.427;59:39.810;2025-11-02;M2535429964314036;GT3;Spa;
0.0;Linden;Hill;16.0;Ford Mustang GT3;36.0;26.0;40.26;61.34;36.23;02:17.830;137830.0;02:17.830;59:43.580;2025-11-02;M2533274805889819;GT3;Spa;
0.0;Graham;Kennedy;11.0;McLaren 720S GT3 Evo;35.0;26.0;40.645;61.317;36.497;02:18.675;138675.0;02:18.459;60:05.550;2025-11-02;M2533274817811996;GT3;Spa;
0.0;John;Gooday;18.0;BMW M4 GT3 2022;26.0;26.0;40.81;61.097;36.835;02:19.172;139172.0;02:18.742;60:18.472;2025-11-02;P6242924876318439157;GT3;Spa;
0.0;John;Guise;10.0;Mercedes AMG GT3 2020;25.0;26.0;40.563;61.746;36.48;02:18.990;138990.0;02:18.789;60:13.740;2025-11-02;M2533274803882798;GT3;Spa;
0.0;Mark;Stapely;142.0;McLaren 720S GT3 Evo;35.0;26.0;40.805;61.462;36.6;02:19.350;139350.0;02:18.867;60:23.100;2025-11-02;M2533274804293173;GT3;Spa;
0.0;Jason;Macdonald;40.0;Ford Mustang GT3;36.0;26.0;40.607;61.597;36.687;02:19.477;139477.0;02:18.891;60:26.402;2025-11-02;M2533274809536861;GT3;Spa;
0.0;Mark;Browning;7.0;Ferrari 296 GT3;32.0;26.0;40.872;61.672;36.86;02:19.647;139647.0;02:19.404;60:30.822;2025-11-02;M2533274796566438;GT3;Spa;
0.0;Garry;Oldsimm;63.0;BMW M4 GT3 2022;26.0;26.0;41.052;61.592;37.135;02:20.207;140207.0;02:19.779;60:45.382;2025-11-02;M2535439873255427;GT3;Spa;
0.0;;ping22587;27.0;Nissan GT-R Nismo GT3 2018;6.0;26.0;40.368;61.32;36.384;02:18.270;138270.0;02:18.072;59:55.020;2025-11-02;M2535430534227760;GT3;Spa;
0.0;Richard;Huxley;89.0;Ferrari 296 GT3;32.0;25.0;40.812;61.545;36.9;02:19.602;139602.0;02:19.257;58:10.050;2025-11-02;M2535454029768367;GT3;Spa;
0.0;Rob;Sexton;13.0;McLaren 720S GT3 Evo;35.0;25.0;40.932;61.83;36.642;02:19.787;139787.0;02:19.404;58:14.675;2025-11-02;M2533274809212122;GT3;Spa;
0.0;;Firecannon36;36.0;McLaren 720S GT3 Evo;35.0;25.0;41.192;61.567;37.247;02:20.260;140260.0;02:20.006;58:26.500;2025-11-02;M2535468358420160;GT3;Spa;
0.0;Luke;Saunders;77.0;BMW M4 GT3 2022;26.0;25.0;41.127;61.867;37.09;02:20.117;140117.0;02:20.084;58:22.925;2025-11-02;P3235842779263578181;GT3;Spa;
0.0;Benjamin;Matthew;42.0;Ferrari 296 GT3;32.0;24.0;40.833;61.326;36.669;02:18.843;138843.0;02:18.828;55:32.232;2025-11-02;M2535456990131789;GT3;Spa;
0.0;Andrew;Mcvittie;116.0;Aston Martin Vantage V8 2019;20.0;24.0;41.475;61.85;36.662;02:19.987;139987.0;02:19.987;55:59.688;2025-11-02;M2533274896948119;GT3;Spa;
0.0;Steve;Carter;167.0;McLaren 720S GT3 Evo;35.0;24.0;41.737;62.752;37.555;02:22.605;142605.0;02:22.044;57:02.520;2025-11-02;M2535453281193149;GT3;Spa;
0.0;Sean;Briggs;88.0;Ferrari 296 GT3;32.0;23.0;40.955;61.275;36.595;02:18.830;138830.0;02:18.825;53:13.090;2025-11-02;M2535426324983035;GT3;Spa;
0.0;Adam;Lovell;260.0;Ford Mustang GT3;36.0;6.0;40.809;62.169;37.071;02:20.193;140193.0;02:20.049;14:01.158;2025-11-02;M2535468859834853;GT3;Spa;
0.0;Gareth;Johnstone;420.0;McLaren 720S GT3 Evo;35.0;0.0;2147483.647;2147483.647;2147483.647;35791:23.647;2147483647.0;107374:10.941;;2025-11-02;M2535421862963748;GT3;Spa;
0.0;Brian;Slater;20.0;Ford Mustang GT3;36.0;0.0;2147483.647;2147483.647;2147483.647;35791:23.647;2147483647.0;107374:10.941;;2025-11-02;M2533274804593068;GT3;Spa;
0.0;R;BoA-Briggs;52.0;McLaren 720S GT3 Evo;35.0;0.0;2147483.647;2147483.647;2147483.647;35791:23.647;2147483647.0;107374:10.941;;2025-11-02;M2533274963284096;GT3;Spa;
0.0;;BoAPrawnStar;100.0;Ferrari 296 GT3;32.0;0.0;2147483.647;2147483.647;2147483.647;35791:23.647;2147483647.0;107374:10.941;;2025-09-07;M2535426324983035;GT3;Snetterton;
0.0;Nick;Efdee;23.0;Lexus RC F GT3;15.0;33.0;33.771;38.172;34.584;01:46.698;106698.0;01:46.527;58:41.034;2025-11-16;M2533274876472342;GT3;Snetterton;
0.0;Benjamin;Matthew;42.0;Ferrari 296 GT3;32.0;33.0;33.795;38.136;34.596;01:46.851;106851.0;01:46.527;58:46.083;2025-11-16;M2535456990131789;GT3;Snetterton;
0.0;Dustin;Hatcher;777.0;Ferrari 296 GT3;32.0;33.0;33.828;38.319;34.977;01:47.472;107472.0;01:47.124;59:06.576;2025-11-16;M2533274853814129;GT3;Snetterton;
0.0;Richard;Huxley;89.0;Ferrari 296 GT3;32.0;33.0;33.876;38.427;34.866;01:47.511;107511.0;01:47.169;59:07.863;2025-11-16;M2535454029768367;GT3;Snetterton;
0.0;Sean;Briggs;88.0;Ferrari 296 GT3;32.0;33.0;33.94;38.475;34.735;01:47.390;107390.0;01:47.150;59:03.870;2025-11-16;M2535426324983035;GT3;Snetterton;
0.0;Toby;Cirel;1.0;Ford Mustang GT3;36.0;33.0;33.585;38.105;34.692;01:46.652;106652.0;01:46.382;58:39.516;2025-11-16;M2535459005860319;GT3;Snetterton;
0.0;Luke;Saunders;77.0;BMW M4 GT3 2022;26.0;33.0;33.997;38.497;34.977;01:48.045;108045.0;01:47.471;59:25.485;2025-11-16;P3235842779263578181;GT3;Snetterton;
0.0;Mark;Stapely;142.0;McLaren 720S GT3 Evo;35.0;33.0;33.967;38.57;34.747;01:47.700;107700.0;01:47.284;59:14.100;2025-11-16;M2533274804293173;GT3;Snetterton;
0.0;Jesper;Beiboer;15.0;Aston Martin Vantage V8 2019;20.0;33.0;34.038;38.544;35.073;01:48.306;108306.0;01:47.655;59:34.098;2025-11-16;M2535465743812802;GT3;Snetterton;
0.0;Brian;Slater;20.0;Ford Mustang GT3;36.0;33.0;33.582;38.442;35.238;01:47.952;107952.0;01:47.262;59:22.416;2025-11-16;M2533274804593068;GT3;Snetterton;
0.0;Ben;Jones;80.0;McLaren 720S GT3 Evo;35.0;33.0;33.802;38.212;34.832;01:46.952;106952.0;01:46.846;58:49.416;2025-11-16;M2562092466593675;GT3;Snetterton;
0.0;Andrew;Mcvittie;116.0;Aston Martin Vantage V8 2019;20.0;33.0;33.982;38.502;34.972;01:47.467;107467.0;01:47.456;59:06.411;2025-11-16;M2533274896948119;GT3;Snetterton;
0.0;Rob;Sexton;13.0;McLaren 720S GT3 Evo;35.0;33.0;34.21;38.832;35.12;01:48.610;108610.0;01:48.162;59:44.130;2025-11-16;M2533274809212122;GT3;Snetterton;
0.0;John;Guise;10.0;Mercedes AMG GT3 2020;25.0;32.0;33.909;38.439;34.806;01:47.916;107916.0;01:47.154;57:33.312;2025-11-16;M2533274803882798;GT3;Snetterton;
0.0;Adam;Lovell;260.0;Ford Mustang GT3;36.0;32.0;33.825;38.484;35.055;01:47.832;107832.0;01:47.364;57:30.624;2025-11-16;M2535468859834853;GT3;Snetterton;
0.0;Craig;Barfield;202.0;McLaren 720S GT3 Evo;35.0;32.0;34.235;38.932;34.945;01:48.922;108922.0;01:48.112;58:05.504;2025-11-16;P6555717445734582767;GT3;Snetterton;
0.0;Graham;Kennedy;11.0;McLaren 720S GT3 Evo;35.0;32.0;34.182;38.67;35.12;01:48.412;108412.0;01:47.972;57:49.184;2025-11-16;M2533274817811996;GT3;Snetterton;
0.0;Mark;Browning;7.0;Ferrari 296 GT3;32.0;32.0;33.937;38.44;35.087;01:47.895;107895.0;01:47.464;57:32.640;2025-11-16;M2533274796566438;GT3;Snetterton;
0.0;Steve;Carter;167.0;McLaren 720S GT3 Evo;35.0;31.0;34.457;39.165;35.797;01:49.550;109550.0;01:49.419;56:36.050;2025-11-16;M2535453281193149;GT3;Snetterton;
0.0;R;BoA-Briggs;52.0;McLaren 720S GT3 Evo;35.0;0.0;2147483.647;2147483.647;2147483.647;35791:23.647;2147483647.0;107374:10.941;;2025-11-16;M2533274963284096;GT3;Snetterton;
0.0;;ping22587;27.0;Nissan GT-R Nismo GT3 2018;6.0;0.0;2147483.647;2147483.647;2147483.647;35791:23.647;2147483647.0;107374:10.941;;2025-11-16;M2535430534227760;GT3;Snetterton;
0.0;Linden;Hill;16.0;Bentley Continental GT3 2018;8.0;0.0;2147483.647;2147483.647;2147483.647;35791:23.647;2147483647.0;107374:10.941;;2025-09-03;M2533274805889819;GT3;Donington;
0.0;Toby;Cirel;1.0;Ford Mustang GT3;36.0;41.0;19.96;33.475;32.787;01:26.557;86557.0;01:26.222;59:08.837;2025-11-23;M2535459005860319;GT3;Donington;
0.0;Ben;Jones;80.0;McLaren 720S GT3 Evo;35.0;41.0;20.237;33.997;32.76;01:27.275;87275.0;01:26.994;59:38.275;2025-11-23;M2562092466593675;GT3;Donington;
0.0;Nick;Efdee;24.0;Lexus RC F GT3;15.0;41.0;20.148;33.966;33.012;01:27.264;87264.0;01:27.126;59:37.824;2025-11-23;M2533274876472342;GT3;Donington;
0.0;Benjamin;Matthew;42.0;Ferrari 296 GT3;32.0;41.0;20.082;33.897;33.003;01:27.336;87336.0;01:26.982;59:40.776;2025-11-23;M2535456990131789;GT3;Donington;
0.0;Linden;Hill;16.0;Ford Mustang GT3;36.0;40.0;20.125;33.832;33.26;01:27.355;87355.0;01:27.217;58:14.200;2025-11-23;M2533274805889819;GT3;Donington;
0.0;Luke;Saunders;77.0;BMW M4 GT3 2022;26.0;40.0;20.217;34.242;33.517;01:28.387;88387.0;01:27.976;58:55.480;2025-11-23;P3235842779263578181;GT3;Donington;
0.0;Scott;Currie;23.0;Bentley Continental GT3 2018;8.0;40.0;20.211;34.182;33.042;01:27.741;87741.0;01:27.435;58:29.640;2025-11-23;M2533274976716913;GT3;Donington;
0.0;Jesper;Beiboer;15.0;Aston Martin Vantage V8 2019;20.0;40.0;20.229;34.197;33.192;01:27.957;87957.0;01:27.618;58:38.280;2025-11-23;M2535465743812802;GT3;Donington;
0.0;Richard;Huxley;89.0;Ferrari 296 GT3;32.0;40.0;20.4;34.332;33.099;01:27.918;87918.0;01:27.831;58:36.720;2025-11-23;M2535454029768367;GT3;Donington;
0.0;Andrew;Mcvittie;116.0;Aston Martin Vantage V8 2019;20.0;40.0;20.152;33.985;33.157;01:27.512;87512.0;01:27.294;58:20.480;2025-11-23;M2533274896948119;GT3;Donington;
0.0;Solomon;Bosworth;32.0;Porsche 992 GT3 R;34.0;40.0;20.307;34.152;33.144;01:27.765;87765.0;01:27.603;58:30.600;2025-11-23;M2535429964314036;GT3;Donington;
0.0;Rob;Sexton;13.0;McLaren 720S GT3 Evo;35.0;40.0;20.452;34.362;33.442;01:28.827;88827.0;01:28.256;59:13.080;2025-11-23;M2533274809212122;GT3;Donington;
0.0;John;Gooday;18.0;BMW M4 GT3 2022;26.0;40.0;20.282;34.527;33.275;01:28.387;88387.0;01:28.084;58:55.480;2025-11-23;P6242924876318439157;GT3;Donington;
0.0;Mark;Stapely;142.0;McLaren 720S GT3 Evo;35.0;40.0;20.32;34.312;33.48;01:28.205;88205.0;01:28.112;58:48.200;2025-11-23;M2533274804293173;GT3;Donington;
0.0;John;Guise;10.0;Mercedes AMG GT3 2020;25.0;39.0;20.577;34.611;33.846;01:29.358;89358.0;01:29.034;58:04.962;2025-11-23;M2533274803882798;GT3;Donington;
0.0;Gareth;Johnstone;420.0;McLaren 720S GT3 Evo;35.0;39.0;20.658;34.797;34.074;01:30.270;90270.0;01:29.529;58:40.530;2025-11-23;M2535421862963748;GT3;Donington;
0.0;Craig;Barfield;202.0;McLaren 720S GT3 Evo;35.0;38.0;20.657;34.517;33.897;01:29.225;89225.0;01:29.071;56:30.550;2025-11-23;P6555717445734582767;GT3;Donington;
0.0;Dustin;Hatcher;777.0;Ferrari 296 GT3;32.0;36.0;20.28;34.44;32.889;01:27.858;87858.0;01:27.609;52:42.888;2025-11-23;M2533274853814129;GT3;Donington;
0.0;Sean;Briggs;88.0;Ferrari 296 GT3;32.0;35.0;20.45;34.125;33.177;01:28.122;88122.0;01:27.752;51:24.270;2025-11-23;M2535426324983035;GT3;Donington;
0.0;Adam;Lovell;260.0;Ford Mustang GT3;36.0;25.0;20.292;34.356;33.636;01:28.530;88530.0;01:28.284;36:53.250;2025-11-23;M2535468859834853;GT3;Donington;
0.0;Ian;McGowan;64.0;McLaren 720S GT3 Evo;35.0;22.0;20.22;33.905;32.972;01:27.195;87195.0;01:27.097;31:58.290;2025-11-23;M2533274806514359;GT3;Donington;
0.0;Jason;Macdonald;40.0;Ford Mustang GT3;36.0;13.0;20.31;34.262;33.822;01:28.395;88395.0;01:28.394;19:09.135;2025-11-23;M2533274809536861;GT3;Donington;
0.0;;iLynxPeace;17.0;Ford Mustang GT3;36.0;0.0;2147483.647;2147483.647;2147483.647;35791:23.647;2147483647.0;107374:10.941;;2025-11-23;P9046050975347105963;GT3;Donington;
0.0;R;BoA-Briggs;52.0;Porsche 992 GT3 R;34.0;0.0;2147483.647;2147483.647;2147483.647;35791:23.647;2147483647.0;107374:10.941;;2025-11-23;M2533274963284096;GT3;Donington;
0.0;;InocentPredator;13.0;McLaren 720S GT3 Evo;35.0;37.0;33.815;35.157;23.672;01:32.725;92725.0;01:32.644;57:10.825;2025-11-28;M2533274809212122;GT3;Valencia;
0.0;;InocentPredator;13.0;McLaren 720S GT3 Evo;35.0;0.0;2147483.647;2147483.647;2147483.647;35791:23.647;2147483647.0;107374:10.941;;2025-11-28;M2533274809212122;GT3;Valencia;
0.0;;KanieBCAFC;114.0;Lexus RC F GT3;15.0;0.0;2147483.647;2147483.647;2147483.647;35791:23.647;2147483647.0;107374:10.941;;2025-11-28;M2535445951089383;GT3;Valencia;
0.0;Toby;Cirel;1.0;Ford Mustang GT3;36.0;59.0;32.747;34.387;23.152;01:30.457;90457.0;01:30.286;88:56.963;2025-11-30;M2535459005860319;GT3;Valencia;
0.0;Ben;Jones;80.0;McLaren 720S GT3 Evo;35.0;59.0;33.12;34.55;23.355;01:31.332;91332.0;01:31.025;89:48.588;2025-11-30;M2562092466593675;GT3;Valencia;
0.0;Nick;Efdee;23.0;Lexus RC F GT3;15.0;59.0;33.102;34.584;23.358;01:31.203;91203.0;01:31.044;89:40.977;2025-11-30;M2533274876472342;GT3;Valencia;
0.0;Linden;Hill;16.0;Ford Mustang GT3;36.0;59.0;33.157;34.695;23.502;01:31.557;91557.0;01:31.354;90:01.863;2025-11-30;M2533274805889819;GT3;Valencia;
0.0;Dustin;Hatcher;777.0;Ferrari 296 GT3;32.0;59.0;33.36;34.641;23.316;01:31.428;91428.0;01:31.317;89:54.252;2025-11-30;M2533274853814129;GT3;Valencia;
0.0;Andrew;Mcvittie;116.0;Aston Martin Vantage V8 2019;20.0;59.0;33.3;34.607;23.365;01:31.320;91320.0;01:31.272;89:47.880;2025-11-30;M2533274896948119;GT3;Valencia;
0.0;Sean;Briggs;88.0;Ferrari 296 GT3;32.0;59.0;33.567;35.035;23.582;01:32.525;92525.0;01:32.184;90:58.975;2025-11-30;M2535426324983035;GT3;Valencia;
0.0;Richard;Huxley;89.0;Ferrari 296 GT3;32.0;59.0;33.48;34.605;23.604;01:31.992;91992.0;01:31.689;90:27.528;2025-11-30;M2535454029768367;GT3;Valencia;
0.0;Jesper;Beiboer;15.0;Aston Martin Vantage V8 2019;20.0;59.0;33.531;34.752;23.631;01:32.286;92286.0;01:31.914;90:44.874;2025-11-30;M2535465743812802;GT3;Valencia;
0.0;Rob;Sexton;13.0;McLaren 720S GT3 Evo;35.0;59.0;33.217;34.817;23.502;01:31.810;91810.0;01:31.536;90:16.790;2025-11-30;M2533274809212122;GT3;Valencia;
0.0;Brian;Slater;20.0;Ford Mustang GT3;36.0;59.0;33.525;34.833;23.547;01:32.298;92298.0;01:31.905;90:45.582;2025-11-30;M2533274804593068;GT3;Valencia;
0.0;Graham;Kennedy;11.0;McLaren 720S GT3 Evo;35.0;58.0;33.27;34.582;23.605;01:31.785;91785.0;01:31.457;88:43.530;2025-11-30;M2533274817811996;GT3;Valencia;
0.0;Benjamin;Matthew;42.0;Ferrari 296 GT3;32.0;58.0;33.135;34.512;23.4;01:31.425;91425.0;01:31.047;88:22.650;2025-11-30;M2535456990131789;GT3;Valencia;
0.0;Mark;Stapely;142.0;McLaren 720S GT3 Evo;35.0;58.0;33.61;34.872;23.63;01:32.250;92250.0;01:32.112;89:10.500;2025-11-30;M2533274804293173;GT3;Valencia;
0.0;Mark;Browning;7.0;Ferrari 296 GT3;32.0;58.0;33.757;34.877;23.562;01:32.367;92367.0;01:32.196;89:17.286;2025-11-30;M2533274796566438;GT3;Valencia;
0.0;John;Guise;10.0;Mercedes AMG GT3 2020;25.0;56.0;33.78;35.013;23.61;01:32.859;92859.0;01:32.403;86:40.104;2025-11-30;M2533274803882798;GT3;Valencia;
0.0;R;BoA-Briggs;52.0;Porsche 992 GT3 R;34.0;42.0;33.879;35.109;23.796;01:32.964;92964.0;01:32.784;65:04.488;2025-11-30;M2533274963284096;GT3;Valencia;
0.0;Jason;Macdonald;40.0;Ford Mustang GT3;36.0;40.0;33.222;34.827;23.61;01:31.717;91717.0;01:31.659;61:08.680;2025-11-30;M2533274809536861;GT3;Valencia;
0.0;Adam;Lovell;260.0;Ford Mustang GT3;36.0;33.0;33.57;34.758;23.82;01:32.172;92172.0;01:32.148;50:41.676;2025-11-30;M2535468859834853;GT3;Valencia;
0.0;Luke;Saunders;77.0;BMW M4 GT3 2022;26.0;13.0;33.76;35.215;23.987;01:32.982;92982.0;01:32.962;20:08.766;2025-11-30;P3235842779263578181;GT3;Valencia;
0.0;;WekFest81;81.0;McLaren 720S GT3 Evo;35.0;0.0;2147483.647;2147483.647;2147483.647;35791:23.647;2147483647.0;107374:10.941;;2025-10-03;M2535450693182151;GT3;Brands Hatch;
0.0;;Biggreenman4;43.0;Ginetta G55 GT4;56.0;30.0;29.424;23.964;38.664;01:32.274;92274.0;01:32.052;46:08.220;2025-10-26;M2535429964314036;GT4;Brands Hatch;
0.0;;BadBen80;80.0;Ginetta G55 GT4;56.0;30.0;29.522;23.945;38.625;01:32.125;92125.0;01:32.092;46:03.750;2025-10-26;M2562092466593675;GT4;Brands Hatch;
0.0;;Imagine Sphax;23.0;Ginetta G55 GT4;56.0;30.0;29.643;24.054;38.616;01:32.361;92361.0;01:32.313;46:10.830;2025-10-26;M2533274876472342;GT4;Brands Hatch;
0.0;;bmatthew717;42.0;Ginetta G55 GT4;56.0;30.0;29.427;23.997;38.622;01:32.124;92124.0;01:32.046;46:03.720;2025-10-26;M2535456990131789;GT4;Brands Hatch;
0.0;;dmoney69812;777.0;Ginetta G55 GT4;56.0;30.0;29.793;24.03;39.036;01:33.063;93063.0;01:32.859;46:31.890;2025-10-26;M2533274853814129;GT4;Brands Hatch;
0.0;;Thebadden#6350;260.0;Ginetta G55 GT4;56.0;30.0;29.676;24.069;38.838;01:32.868;92868.0;01:32.583;46:26.040;2025-10-26;M2535468859834853;GT4;Brands Hatch;
0.0;;BoAPrawnStar;88.0;Ginetta G55 GT4;56.0;30.0;29.937;24.197;38.94;01:33.245;93245.0;01:33.074;46:37.350;2025-10-26;M2535426324983035;GT4;Brands Hatch;
0.0;;LCS Ginge;87.0;Ginetta G55 GT4;56.0;30.0;30.057;24.273;39.099;01:33.429;93429.0;01:33.429;46:42.870;2025-10-26;M2535428335198107;GT4;Brands Hatch;
0.0;;InocentPredator;101.0;Ginetta G55 GT4;56.0;30.0;29.907;24.212;39.332;01:33.817;93817.0;01:33.451;46:54.510;2025-10-26;M2533274809212122;GT4;Brands Hatch;
0.0;;KingWise76;144.0;Ginetta G55 GT4;56.0;29.0;29.949;24.387;39.537;01:34.437;94437.0;01:33.873;45:38.673;2025-10-26;M2535464171877570;GT4;Brands Hatch;
0.0;;J0N G10;10.0;Ginetta G55 GT4;56.0;28.0;30.135;24.321;39.177;01:33.975;93975.0;01:33.633;43:51.300;2025-10-26;M2533274803882798;GT4;Brands Hatch;
0.0;;BoA Diamond;4.0;Ginetta G55 GT4;56.0;20.0;29.811;24.048;39.036;01:33.063;93063.0;01:32.895;31:01.260;2025-10-26;M2533274963284096;GT4;Brands Hatch;
0.0;;Racingrich#2732;89.0;Ginetta G55 GT4;56.0;18.0;29.736;24.045;38.859;01:32.805;92805.0;01:32.640;27:50.490;2025-10-26;M2535454029768367;GT4;Brands Hatch;
0.0;;Dr Flexi Jerkov;16.0;Ginetta G55 GT4;56.0;2.0;29.575;24.12;38.527;01:32.377;92377.0;01:32.222;03:04.754;2025-10-26;M2533274805889819;GT4;Brands Hatch;
0.0;;Dr Flexi Jerkov;16.0;Ford Mustang GT3;36.0;7.0;27.405;21.947;35.207;01:24.650;84650.0;01:24.559;09:52.550;2025-11-29;M2533274805889819;GT3;Brands Hatch;
0.0;;Thebadden#6350;260.0;Ford Mustang GT3;36.0;11.0;27.741;22.08;36.186;01:26.007;86007.0;01:26.007;15:46.077;2025-11-29;M2535468859834853;GT3;Brands Hatch;
0.0;;ogsl;720.0;McLaren 720S GT3 Evo;35.0;11.0;28.887;22.877;37.1;01:29.102;89102.0;01:28.864;16:20.122;2025-11-29;M2533274798740952;GT3;Brands Hatch;
0.0;;DR1VE#4787;1.0;Ford Mustang GT3;36.0;0.0;2147483.647;2147483.647;2147483.647;35791:23.647;2147483647.0;107374:10.941;;2025-11-29;M2535459005860319;GT3;Brands Hatch;
0.0;;Dr Flexi Jerkov;16.0;Ford Mustang GT3;36.0;0.0;2147483.647;2147483.647;2147483.647;35791:23.647;2147483647.0;107374:10.941;;2025-12-06;M2533274805889819;GT3;Brands Hatch;
0.0;Toby;Cirel;33.0;BMW M4 GT3 2022;26.0;28.0;26.69;48.99;50.2;02:06.075;126075.0;02:05.880;58:50.100;2025-05-25;M2535459005860319;GT3;Cota;
0.0;Zoltán;Keszeli;25.0;McLaren 720S GT3 Evo;35.0;28.0;26.852;48.885;50.192;02:06.487;126487.0;02:05.929;59:01.636;2025-05-25;M2535441603635242;GT3;Cota;
0.0;Nick;Efdee;23.0;Ferrari 296 GT3;32.0;28.0;27.018;49.335;50.145;02:06.645;126645.0;02:06.498;59:06.060;2025-05-25;M2533274876472342;GT3;Cota;
0.0;Zack;Gross;27.0;Porsche 992 GT3 R;34.0;28.0;26.895;49.281;50.415;02:06.888;126888.0;02:06.591;59:12.864;2025-05-25;M2535430534227760;GT3;Cota;
0.0;Benjamin;Matthew;42.0;Ferrari 296 GT3;32.0;28.0;26.91;49.587;50.532;02:07.185;127185.0;02:07.029;59:21.180;2025-05-25;M2535456990131789;GT3;Cota;
0.0;Ben;Jones;80.0;BMW M4 GT3 2022;26.0;28.0;26.807;49.177;50.56;02:06.617;126617.0;02:06.544;59:05.276;2025-05-25;M2562092466593675;GT3;Cota;
0.0;Jesper;Beiboer;15.0;Ferrari 296 GT3;32.0;28.0;26.847;49.554;50.478;02:07.287;127287.0;02:06.879;59:24.036;2025-05-25;M2535465743812802;GT3;Cota;
0.0;Rob;Sexton;13.0;BMW M4 GT3 2022;26.0;28.0;26.875;49.755;51.092;02:07.817;127817.0;02:07.722;59:38.876;2025-05-25;M2533274809212122;GT3;Cota;
0.0;Mark;Stapely;142.0;McLaren 720S GT3 Evo;35.0;28.0;26.977;49.815;50.877;02:08.307;128307.0;02:07.669;59:52.596;2025-05-25;M2533274804293173;GT3;Cota;
0.0;Dustin;Hatcher;777.0;Ferrari 296 GT3;32.0;28.0;26.955;49.515;50.745;02:07.275;127275.0;02:07.215;59:23.700;2025-05-25;M2533274853814129;GT3;Cota;
0.0;Brian;Slater;20.0;Ford Mustang GT3;36.0;28.0;26.832;49.407;51.273;02:07.941;127941.0;02:07.512;59:42.348;2025-05-25;M2533274804593068;GT3;Cota;
0.0;Richard;Huxley;89.0;Ferrari 296 GT3;32.0;28.0;27.033;49.8;50.895;02:08.043;128043.0;02:07.728;59:45.204;2025-05-25;M2535454029768367;GT3;Cota;
0.0;Sean;Briggs;88.0;Mercedes AMG GT3 2020;25.0;28.0;27.007;49.672;51.065;02:08.275;128275.0;02:07.744;59:51.700;2025-05-25;M2535426324983035;GT3;Cota;
0.0;Mark;Browning;7.0;Ferrari 296 GT3;32.0;28.0;27.055;49.48;50.58;02:07.397;127397.0;02:07.115;59:27.116;2025-05-25;M2533274796566438;GT3;Cota;
0.0;Rey;Sabio Jr;144.0;Ferrari 296 GT3;32.0;28.0;27.231;50.061;51.465;02:09.021;129021.0;02:08.757;60:12.588;2025-05-25;M2535464171877570;GT3;Cota;
0.0;Craig;Barfield;202.0;BMW M4 GT3 2022;26.0;27.0;27.092;50.217;51.912;02:09.702;129702.0;02:09.221;58:21.954;2025-05-25;P6555717445734582767;GT3;Cota;
0.0;Ricardo;Garcia;46.0;Ferrari 296 GT3;32.0;27.0;27.165;49.857;50.987;02:08.235;128235.0;02:08.009;57:42.345;2025-05-25;M2533274823895089;GT3;Cota;
0.0;Andrew;Mcvittie;116.0;Aston Martin Vantage V8 2019;20.0;27.0;26.815;49.32;50.595;02:07.110;127110.0;02:06.730;57:11.970;2025-05-25;M2533274896948119;GT3;Cota;
0.0;John;Guise;10.0;Mercedes AMG GT3 2020;25.0;27.0;27.177;50.196;50.853;02:08.736;128736.0;02:08.226;57:55.872;2025-05-25;M2533274803882798;GT3;Cota;
0.0;James;Roche;87.0;Aston Martin Vantage V8 2019;20.0;27.0;27.171;50.652;51.795;02:10.155;130155.0;02:09.618;58:34.185;2025-05-25;M2535428335198107;GT3;Cota;
0.0;Luke;Lodge;69.0;Mercedes AMG GT3 2020;25.0;19.0;26.877;49.311;50.277;02:06.810;126810.0;02:06.465;40:09.390;2025-05-25;M2535460166046909;GT3;Cota;
0.0;Adam;Lovell;260.0;Ford Mustang GT3;36.0;15.0;26.841;50.091;52.746;02:10.485;130485.0;02:09.678;32:37.275;2025-05-25;M2535468859834853;GT3;Cota;
0.0;;InocentPredator;720.0;McLaren 720S GT3 Evo;35.0;2.0;2147483.647;2147483.647;2147483.647;35791:23.647;2147483647.0;107374:10.941;71582:47.294;2025-09-07;M2533274809212122;GT3;Hungaroring;
0.0;;BoAPrawnStar;100.0;Ferrari 296 GT3;32.0;0.0;2147483.647;2147483.647;2147483.647;35791:23.647;2147483647.0;107374:10.941;;2025-09-07;M2535426324983035;GT3;Imola;
0.0;;Imagine Sphax;23.0;Ferrari 296 GT3;32.0;4.0;21.711;32.526;47.514;01:41.751;101751.0;01:41.751;06:47.004;2025-09-07;M2533274876472342;GT3;Imola;
0.0;;B00STG00SE;747.0;Ferrari 296 GT3;32.0;4.0;22.14;33.14;47.9;01:43.180;103180.0;01:43.180;06:52.720;2025-09-07;M2535463400577494;GT3;Imola;
0.0;;BoA KoolAid;20.0;Ford Mustang GT3;36.0;2.0;22.188;33.114;48.102;01:43.413;103413.0;01:43.404;03:26.826;2025-09-07;M2533274804593068;GT3;Imola;
0.0;;Racingrich#2732;89.0;Ferrari 296 GT3;32.0;1.0;22.266;33.105;48.315;01:43.686;103686.0;01:43.686;01:43.686;2025-09-07;M2535454029768367;GT3;Imola;
0.0;;Thebadden#6350;260.0;Ford Mustang GT3;36.0;4.0;22.077;33.366;48.57;01:44.100;104100.0;01:44.013;06:56.400;2025-09-07;M2535468859834853;GT3;Imola;
0.0;;BoA Diamond;4.0;Ferrari 296 GT3;32.0;1.0;22.338;33.474;48.888;01:44.700;104700.0;01:44.700;01:44.700;2025-09-07;M2533274963284096;GT3;Imola;
0.0;;InocentPredator;720.0;McLaren 720S GT3 Evo;35.0;3.0;22.387;33.535;49.157;01:45.080;105080.0;01:45.079;05:15.240;2025-09-07;M2533274809212122;GT3;Imola;
0.0;;BoAPrawnStar;100.0;Ferrari 296 GT3;32.0;0.0;2147483.647;2147483.647;2147483.647;35791:23.647;2147483647.0;107374:10.941;;2025-09-07;M2535426324983035;GT3;Imola;
0.0;;bmatthew717;42.0;Ferrari 296 GT3;32.0;0.0;2147483.647;2147483.647;2147483.647;35791:23.647;2147483647.0;107374:10.941;;2025-09-07;M2535456990131789;GT3;Imola;
0.0;;T1GZ81Honda;71.0;Ferrari 296 GT3;32.0;0.0;2147483.647;2147483.647;2147483.647;35791:23.647;2147483647.0;107374:10.941;;2025-09-07;M2535421862963748;GT3;Imola;
0.0;;bmatthew717;42.0;Ferrari 296 GT3;32.0;4.0;21.618;32.373;47.208;01:41.301;101301.0;01:41.199;06:45.204;2025-09-07;M2535456990131789;GT3;Imola;
0.0;;Imagine Sphax;23.0;Ferrari 296 GT3;32.0;4.0;21.687;32.457;47.334;01:41.478;101478.0;01:41.478;06:45.912;2025-09-07;M2533274876472342;GT3;Imola;
0.0;;B00STG00SE;747.0;Ferrari 296 GT3;32.0;4.0;21.96;32.662;47.672;01:42.295;102295.0;01:42.294;06:49.180;2025-09-07;M2535463400577494;GT3;Imola;
0.0;;BoA KoolAid;20.0;Ford Mustang GT3;36.0;5.0;21.747;32.898;47.751;01:42.480;102480.0;01:42.396;08:32.400;2025-09-07;M2533274804593068;GT3;Imola;
0.0;;Racingrich#2732;89.0;Ferrari 296 GT3;32.0;5.0;21.897;32.562;47.769;01:42.513;102513.0;01:42.228;08:32.565;2025-09-07;M2535454029768367;GT3;Imola;
0.0;;BoA Diamond;4.0;Ferrari 296 GT3;32.0;3.0;22.068;32.889;48.225;01:43.203;103203.0;01:43.182;05:09.609;2025-09-07;M2533274963284096;GT3;Imola;
0.0;;Thebadden#6350;260.0;Ford Mustang GT3;36.0;5.0;22.056;33.093;48.252;01:43.401;103401.0;01:43.401;08:37.005;2025-09-07;M2535468859834853;GT3;Imola;
0.0;;InocentPredator;720.0;McLaren 720S GT3 Evo;35.0;5.0;22.095;33.052;48.295;01:43.442;103442.0;01:43.442;08:37.210;2025-09-07;M2533274809212122;GT3;Imola;
0.0;;BoAPrawnStar;100.0;Ferrari 296 GT3;32.0;4.0;22.292;33.23;47.922;01:43.445;103445.0;01:43.444;06:53.780;2025-09-07;M2535426324983035;GT3;Imola;
0.0;;T1GZ81Honda;71.0;Ferrari 296 GT3;32.0;3.0;22.908;33.444;49.62;01:45.972;105972.0;01:45.972;05:17.916;2025-09-07;M2535421862963748;GT3;Imola;
0.0;;bmatthew717;42.0;Ferrari 296 GT3;32.0;12.0;21.639;32.274;47.193;01:41.337;101337.0;01:41.106;20:16.044;2025-09-07;M2535456990131789;GT3;Imola;
0.0;;Imagine Sphax;23.0;Ferrari 296 GT3;32.0;12.0;21.705;32.442;47.34;01:41.670;101670.0;01:41.487;20:20.040;2025-09-07;M2533274876472342;GT3;Imola;
0.0;;B00STG00SE;747.0;Ferrari 296 GT3;32.0;12.0;21.935;32.45;47.655;01:42.290;102290.0;01:42.040;20:27.480;2025-09-07;M2535463400577494;GT3;Imola;
0.0;;BoA KoolAid;20.0;Ford Mustang GT3;36.0;12.0;21.702;32.697;47.901;01:42.417;102417.0;01:42.300;20:29.004;2025-09-07;M2533274804593068;GT3;Imola;
0.0;;Thebadden#6350;260.0;Ford Mustang GT3;36.0;12.0;21.822;32.997;47.598;01:42.417;102417.0;01:42.417;20:29.004;2025-09-07;M2535468859834853;GT3;Imola;
0.0;;InocentPredator;720.0;McLaren 720S GT3 Evo;35.0;12.0;22.025;33.025;48.202;01:43.532;103532.0;01:43.252;20:42.384;2025-09-07;M2533274809212122;GT3;Imola;
0.0;;T1GZ81Honda;71.0;Ferrari 296 GT3;32.0;8.0;23.484;33.438;51.027;01:47.949;107949.0;01:47.949;14:23.592;2025-09-07;M2535421862963748;GT3;Imola;
0.0;;Racingrich#2732;89.0;Ferrari 296 GT3;32.0;6.0;21.93;33.315;47.895;01:43.239;103239.0;01:43.140;10:19.434;2025-09-07;M2535454029768367;GT3;Imola;
0.0;;BoA Diamond;4.0;Ferrari 296 GT3;32.0;5.0;22.23;32.889;48.339;01:43.794;103794.0;01:43.458;08:38.970;2025-09-07;M2533274963284096;GT3;Imola;
0.0;;BoAPrawnStar;100.0;Ferrari 296 GT3;32.0;11.0;22.032;32.735;47.73;01:42.497;102497.0;01:42.497;18:47.467;2025-09-07;M2535426324983035;GT3;Imola;
0.0;;SCRAPPER 2000;20.0;Mercedes AMG GT4;60.0;7.0;24.38;31.532;36.16;01:32.315;92315.0;01:32.072;10:46.205;2025-10-20;M2533274796566438;GT4;Laguna Seca;
0.0;;SCRAPPER 2000;20.0;Mercedes AMG GT4;60.0;7.0;23.817;31.397;35.94;01:31.500;91500.0;01:31.154;10:40.500;2025-10-20;M2533274796566438;GT4;Laguna Seca;
0.0;;SCRAPPER 2000;20.0;Mercedes AMG GT4;60.0;2.0;24.072;31.767;36.055;01:31.895;91895.0;01:31.894;03:03.790;2025-10-20;M2533274796566438;GT4;Laguna Seca;
0.0;;SCRAPPER 2000;20.0;Mercedes AMG GT4;60.0;0.0;2147483.647;2147483.647;2147483.647;35791:23.647;2147483647.0;107374:10.941;;2025-10-20;M2533274796566438;GT4;Laguna Seca;
0.0;;SCRAPPER 2000;20.0;Mercedes AMG GT4;60.0;0.0;2147483.647;2147483.647;2147483.647;35791:23.647;2147483647.0;107374:10.941;;2025-10-20;M2533274796566438;GT4;Laguna Seca;
0.0;;SCRAPPER 2000;20.0;Mercedes AMG GT4;60.0;5.0;24.1;31.585;36.015;01:31.700;91700.0;01:31.700;07:38.500;2025-10-20;M2533274796566438;GT4;Laguna Seca;
0.0;;LCS Ginge;718.0;Porsche 718 Cayman GT4;61.0;3.0;24.783;32.913;38.313;01:36.009;96009.0;01:36.009;04:48.027;2025-10-21;M2535428335198107;GT4;Laguna Seca;
0.0;;LCS Ginge;87.0;Ginetta G55 GT4;56.0;7.0;23.838;32.091;36.648;01:32.982;92982.0;01:32.577;10:50.874;2025-10-21;M2535428335198107;GT4;Laguna Seca;
0.0;;LCS Ginge;504.0;Mercedes AMG GT4;60.0;4.0;24.237;31.956;36.375;01:32.928;92928.0;01:32.568;06:11.712;2025-10-21;M2535428335198107;GT4;Laguna Seca;
0.0;;LCS Ginge;87.0;Ginetta G55 GT4;56.0;0.0;2147483.647;2147483.647;2147483.647;35791:23.647;2147483647.0;107374:10.941;;2025-10-21;M2535428335198107;GT4;Laguna Seca;
0.0;;doyouwantonions;31.0;Ginetta G55 GT4;56.0;8.0;24.497;32.402;36.795;01:33.945;93945.0;01:33.694;12:31.560;2025-10-21;P8031361137728278417;GT4;Laguna Seca;
0.0;;bmatthew717;42.0;Ginetta G55 GT4;56.0;6.0;23.781;31.296;35.301;01:30.399;90399.0;01:30.378;09:02.394;2025-10-21;M2535456990131789;GT4;Laguna Seca;
0.0;;BoA Diamond;4.0;Ginetta G55 GT4;56.0;4.0;24.063;31.893;36.36;01:32.316;92316.0;01:32.316;06:09.264;2025-10-21;M2533274963284096;GT4;Laguna Seca;
0.0;;T1GZ81Honda;420.0;Audi R8 LMS GT4;52.0;0.0;2147483.647;2147483.647;2147483.647;35791:23.647;2147483647.0;107374:10.941;;2025-10-21;M2535421862963748;GT4;Laguna Seca;
0.0;;BadBen80;9.0;Alpine A110 GT4;50.0;0.0;2147483.647;2147483.647;2147483.647;35791:23.647;2147483647.0;107374:10.941;;2025-10-21;M2562092466593675;GT4;Laguna Seca;
0.0;;bmatthew717;42.0;Ginetta G55 GT4;56.0;9.0;23.715;31.197;35.217;01:30.366;90366.0;01:30.129;13:33.294;2025-10-21;M2535456990131789;GT4;Laguna Seca;
0.0;;BoA Diamond;4.0;Ginetta G55 GT4;56.0;4.0;23.793;31.68;36.237;01:31.710;91710.0;01:31.710;06:06.840;2025-10-21;M2533274963284096;GT4;Laguna Seca;
0.0;;Thebadden#6350;260.0;Mercedes AMG GT4;60.0;11.0;24.021;31.248;36.057;01:31.920;91920.0;01:31.326;16:51.120;2025-10-21;M2535468859834853;GT4;Laguna Seca;
0.0;;SCRAPPER 2000;20.0;Mercedes AMG GT4;60.0;4.0;24.007;31.487;36.51;01:32.052;92052.0;01:32.004;06:08.208;2025-10-21;M2533274796566438;GT4;Laguna Seca;
0.0;;BadBen80;9.0;Alpine A110 GT4;50.0;10.0;24.31;31.597;36.147;01:32.055;92055.0;01:32.054;15:20.550;2025-10-21;M2562092466593675;GT4;Laguna Seca;
0.0;;DR1VE#4787;33.0;Maserati MC GT4;58.0;11.0;24.257;31.55;35.74;01:32.095;92095.0;01:31.547;16:53.045;2025-10-21;M2535459005860319;GT4;Laguna Seca;
0.0;;T1GZ81Honda;420.0;Audi R8 LMS GT4;52.0;8.0;24.642;32.268;37.299;01:34.602;94602.0;01:34.209;12:36.816;2025-10-21;M2535421862963748;GT4;Laguna Seca;
0.0;;ANM VIRZIO;6.0;Mercedes AMG GT4;60.0;0.0;2147483.647;2147483.647;2147483.647;35791:23.647;2147483647.0;107374:10.941;;2025-10-21;M2535415068381608;GT4;Laguna Seca;
0.0;;doyouwantonions;31.0;Ginetta G55 GT4;56.0;1.0;2147483.647;2147483.647;2147483.647;35791:23.647;2147483647.0;107374:10.941;35791:23.647;2025-10-21;P8031361137728278417;GT4;Laguna Seca;
0.0;;bmatthew717;42.0;Ginetta G55 GT4;56.0;9.0;23.892;31.257;35.259;01:30.408;90408.0;01:30.408;13:33.672;2025-10-21;M2535456990131789;GT4;Laguna Seca;
0.0;;BadBen80;9.0;Alpine A110 GT4;50.0;7.0;23.587;31.29;35.575;01:30.500;90500.0;01:30.452;10:33.500;2025-10-21;M2562092466593675;GT4;Laguna Seca;
0.0;;SCRAPPER 2000;20.0;Mercedes AMG GT4;60.0;13.0;23.7;31.24;35.525;01:30.672;90672.0;01:30.465;19:38.736;2025-10-21;M2533274796566438;GT4;Laguna Seca;
0.0;;Thebadden#6350;260.0;Mercedes AMG GT4;60.0;12.0;23.805;31.236;35.514;01:30.705;90705.0;01:30.555;18:08.460;2025-10-21;M2535468859834853;GT4;Laguna Seca;
0.0;;ANM VIRZIO;6.0;Mercedes AMG GT4;60.0;7.0;23.826;31.647;35.487;01:31.041;91041.0;01:30.960;10:37.287;2025-10-21;M2535415068381608;GT4;Laguna Seca;
0.0;;DR1VE#4787;33.0;Maserati MC GT4;58.0;15.0;23.857;31.35;35.707;01:31.572;91572.0;01:30.914;22:53.580;2025-10-21;M2535459005860319;GT4;Laguna Seca;
0.0;;BoA Diamond;4.0;Ginetta G55 GT4;56.0;4.0;24.042;31.791;35.76;01:31.593;91593.0;01:31.593;06:06.372;2025-10-21;M2533274963284096;GT4;Laguna Seca;
0.0;;LCS Ginge;87.0;Mercedes AMG GT4;60.0;5.0;23.979;31.788;37.089;01:32.856;92856.0;01:32.856;07:44.280;2025-10-21;M2535428335198107;GT4;Laguna Seca;
0.0;;T1GZ81Honda;420.0;Audi R8 LMS GT4;52.0;7.0;24.294;32.139;36.744;01:33.177;93177.0;01:33.177;10:52.239;2025-10-21;M2535421862963748;GT4;Laguna Seca;
0.0;;doyouwantonions;31.0;Ginetta G55 GT4;56.0;13.0;24.262;32.355;36.9;01:33.602;93602.0;01:33.517;20:16.826;2025-10-21;P8031361137728278417;GT4;Laguna Seca;
0.0;;KingWise76;144.0;Mercedes AMG GT4;60.0;0.0;2147483.647;2147483.647;2147483.647;35791:23.647;2147483647.0;107374:10.941;;2025-10-21;M2535464171877570;GT4;Laguna Seca;
0.0;;bmatthew717;42.0;Ginetta G55 GT4;56.0;7.0;23.46;31.095;35.031;01:29.628;89628.0;01:29.586;10:27.396;2025-10-21;M2535456990131789;GT4;Laguna Seca;
0.0;;BadBen80;9.0;Alpine A110 GT4;50.0;7.0;23.647;31.2;35.287;01:30.142;90142.0;01:30.134;10:30.994;2025-10-21;M2562092466593675;GT4;Laguna Seca;
0.0;;SCRAPPER 2000;20.0;Mercedes AMG GT4;60.0;4.0;23.755;31.157;35.26;01:30.172;90172.0;01:30.172;06:00.688;2025-10-21;M2533274796566438;GT4;Laguna Seca;
0.0;;DR1VE#4787;33.0;Maserati MC GT4;58.0;5.0;23.797;31.155;35.297;01:30.480;90480.0;01:30.249;07:32.400;2025-10-21;M2535459005860319;GT4;Laguna Seca;
0.0;;ANM VIRZIO;6.0;Mercedes AMG GT4;60.0;6.0;23.637;31.272;35.472;01:30.510;90510.0;01:30.381;09:03.060;2025-10-21;M2535415068381608;GT4;Laguna Seca;
0.0;;Thebadden#6350;260.0;Mercedes AMG GT4;60.0;7.0;23.742;31.464;35.538;01:30.972;90972.0;01:30.744;10:36.804;2025-10-21;M2535468859834853;GT4;Laguna Seca;
0.0;;BoA Diamond;4.0;Ginetta G55 GT4;56.0;4.0;23.706;31.683;35.871;01:31.260;91260.0;01:31.260;06:05.040;2025-10-21;M2533274963284096;GT4;Laguna Seca;
0.0;;LCS Ginge;87.0;Mercedes AMG GT4;60.0;5.0;24.648;31.785;36.087;01:32.640;92640.0;01:32.520;07:43.200;2025-10-21;M2535428335198107;GT4;Laguna Seca;
0.0;;KingWise76;144.0;Mercedes AMG GT4;60.0;4.0;24.168;32.196;36.738;01:33.102;93102.0;01:33.102;06:12.408;2025-10-21;M2535464171877570;GT4;Laguna Seca;
0.0;;doyouwantonions;31.0;Ginetta G55 GT4;56.0;3.0;24.537;32.842;37.062;01:34.442;94442.0;01:34.441;04:43.326;2025-10-21;P8031361137728278417;GT4;Laguna Seca;
0.0;;T1GZ81Honda;420.0;Audi R8 LMS GT4;52.0;4.0;24.168;33.93;36.729;01:34.827;94827.0;01:34.827;06:19.308;2025-10-21;M2535421862963748;GT4;Laguna Seca;
0.0;;BoA KoolAid;21.0;Ginetta G55 GT4;56.0;0.0;2147483.647;2147483.647;2147483.647;35791:23.647;2147483647.0;107374:10.941;;2025-10-21;M2533274804593068;GT4;Laguna Seca;
0.0;;bmatthew717;42.0;Ginetta G55 GT4;56.0;10.0;23.466;31.017;34.89;01:29.688;89688.0;01:29.373;14:56.880;2025-10-21;M2535456990131789;GT4;Laguna Seca;
0.0;;ANM VIRZIO;6.0;Mercedes AMG GT4;60.0;10.0;23.496;31.2;35.196;01:30.273;90273.0;01:29.892;15:02.730;2025-10-21;M2535415068381608;GT4;Laguna Seca;
0.0;;SCRAPPER 2000;20.0;Mercedes AMG GT4;60.0;10.0;23.727;31.087;35.505;01:30.732;90732.0;01:30.319;15:07.320;2025-10-21;M2533274796566438;GT4;Laguna Seca;
0.0;;Thebadden#6350;260.0;Mercedes AMG GT4;60.0;10.0;23.778;31.296;35.346;01:30.732;90732.0;01:30.420;15:07.320;2025-10-21;M2535468859834853;GT4;Laguna Seca;
0.0;;BoA Diamond;4.0;Ginetta G55 GT4;56.0;10.0;23.667;31.491;35.685;01:31.158;91158.0;01:30.843;15:11.580;2025-10-21;M2533274963284096;GT4;Laguna Seca;
0.0;;BadBen80;9.0;Alpine A110 GT4;50.0;10.0;23.725;31.325;34.9;01:30.095;90095.0;01:29.950;15:00.950;2025-10-21;M2562092466593675;GT4;Laguna Seca;
0.0;;DR1VE#4787;33.0;Maserati MC GT4;58.0;10.0;23.727;31.27;35.597;01:31.092;91092.0;01:30.594;15:10.920;2025-10-21;M2535459005860319;GT4;Laguna Seca;
0.0;;LCS Ginge;87.0;Mercedes AMG GT4;60.0;10.0;24.066;31.872;36.216;01:32.763;92763.0;01:32.154;15:27.630;2025-10-21;M2535428335198107;GT4;Laguna Seca;
0.0;;KingWise76;144.0;Mercedes AMG GT4;60.0;10.0;23.988;32.028;36.264;01:32.283;92283.0;01:32.280;15:22.830;2025-10-21;M2535464171877570;GT4;Laguna Seca;
0.0;;doyouwantonions;31.0;Ginetta G55 GT4;56.0;10.0;24.172;31.945;36.627;01:32.982;92982.0;01:32.744;15:29.820;2025-10-21;P8031361137728278417;GT4;Laguna Seca;
0.0;;BoA KoolAid;21.0;Ginetta G55 GT4;56.0;10.0;24.093;32.223;36.609;01:33.069;93069.0;01:32.925;15:30.690;2025-10-21;M2533274804593068;GT4;Laguna Seca;
0.0;;T1GZ81Honda;420.0;Audi R8 LMS GT4;52.0;10.0;24.387;32.037;37.062;01:34.398;94398.0;01:33.486;15:43.980;2025-10-21;M2535421862963748;GT4;Laguna Seca;
0.0;;ANM VIRZIO;6.0;Mercedes AMG GT4;60.0;4.0;23.64;31.383;35.148;01:30.171;90171.0;01:30.171;06:00.684;2025-10-21;M2535415068381608;GT4;Laguna Seca;
0.0;;DR1VE#4787;33.0;Maserati MC GT4;58.0;6.0;23.582;31.27;35.335;01:30.187;90187.0;01:30.187;09:01.122;2025-10-21;M2535459005860319;GT4;Laguna Seca;
0.0;;Thebadden#6350;260.0;Mercedes AMG GT4;60.0;6.0;23.562;31.299;35.346;01:30.330;90330.0;01:30.207;09:01.980;2025-10-21;M2535468859834853;GT4;Laguna Seca;
0.0;;BadBen80;9.0;Alpine A110 GT4;50.0;6.0;23.682;31.205;35.605;01:30.500;90500.0;01:30.492;09:03.000;2025-10-21;M2562092466593675;GT4;Laguna Seca;
0.0;;BoA Diamond;4.0;Ginetta G55 GT4;56.0;5.0;23.787;31.299;35.64;01:30.960;90960.0;01:30.726;07:34.800;2025-10-21;M2533274963284096;GT4;Laguna Seca;
0.0;;BoA KoolAid;21.0;Ginetta G55 GT4;56.0;5.0;23.871;31.77;35.949;01:31.590;91590.0;01:31.590;07:37.950;2025-10-21;M2533274804593068;GT4;Laguna Seca;
0.0;;LCS Ginge;87.0;Mercedes AMG GT4;60.0;6.0;24.099;31.878;35.904;01:31.980;91980.0;01:31.881;09:11.880;2025-10-21;M2535428335198107;GT4;Laguna Seca;
0.0;;KingWise76;144.0;Mercedes AMG GT4;60.0;4.0;24.213;31.683;36.054;01:32.193;92193.0;01:31.950;06:08.772;2025-10-21;M2535464171877570;GT4;Laguna Seca;
0.0;;T1GZ81Honda;420.0;Audi R8 LMS GT4;52.0;6.0;24.306;31.929;36.177;01:32.742;92742.0;01:32.412;09:16.452;2025-10-21;M2535421862963748;GT4;Laguna Seca;
0.0;;SCRAPPER 2000;20.0;Mercedes AMG GT4;60.0;0.0;2147483.647;2147483.647;2147483.647;35791:23.647;2147483647.0;107374:10.941;;2025-10-21;M2533274796566438;GT4;Laguna Seca;
0.0;;doyouwantonions;31.0;Ginetta G55 GT4;56.0;2.0;2147483.647;2147483.647;2147483.647;35791:23.647;2147483647.0;107374:10.941;71582:47.294;2025-10-21;P8031361137728278417;GT4;Laguna Seca;
0.0;;bmatthew717;42.0;Ginetta G55 GT4;56.0;0.0;2147483.647;2147483.647;2147483.647;35791:23.647;2147483647.0;107374:10.941;;2025-10-21;M2535456990131789;GT4;Laguna Seca;
0.0;;BadBen80;9.0;Alpine A110 GT4;50.0;10.0;23.452;31.21;35.105;01:29.967;89967.0;01:29.767;14:59.670;2025-10-21;M2562092466593675;GT4;Laguna Seca;
0.0;;Thebadden#6350;260.0;Mercedes AMG GT4;60.0;10.0;23.697;31.29;35.331;01:30.441;90441.0;01:30.318;15:04.410;2025-10-21;M2535468859834853;GT4;Laguna Seca;
0.0;;bmatthew717;42.0;Ginetta G55 GT4;56.0;10.0;26.478;34.695;36.468;01:37.641;97641.0;01:37.641;16:16.410;2025-10-21;M2535456990131789;GT4;Laguna Seca;
0.0;;ANM VIRZIO;6.0;Mercedes AMG GT4;60.0;10.0;23.553;31.209;35.304;01:30.336;90336.0;01:30.066;15:03.360;2025-10-21;M2535415068381608;GT4;Laguna Seca;
0.0;;SCRAPPER 2000;20.0;Mercedes AMG GT4;60.0;10.0;23.74;31.167;35.537;01:30.627;90627.0;01:30.444;15:06.270;2025-10-21;M2533274796566438;GT4;Laguna Seca;
0.0;;DR1VE#4787;33.0;Maserati MC GT4;58.0;10.0;23.667;31.172;35.19;01:30.297;90297.0;01:30.029;15:02.970;2025-10-21;M2535459005860319;GT4;Laguna Seca;
0.0;;BoA KoolAid;21.0;Ginetta G55 GT4;56.0;10.0;23.799;31.644;35.922;01:31.575;91575.0;01:31.365;15:15.750;2025-10-21;M2533274804593068;GT4;Laguna Seca;
0.0;;doyouwantonions;31.0;Ginetta G55 GT4;56.0;10.0;24.107;32.462;36.195;01:33.025;93025.0;01:32.764;15:30.250;2025-10-21;P8031361137728278417;GT4;Laguna Seca;
0.0;;BoA Diamond;4.0;Ginetta G55 GT4;56.0;10.0;23.832;31.386;35.61;01:31.161;91161.0;01:30.828;15:11.610;2025-10-21;M2533274963284096;GT4;Laguna Seca;
0.0;;T1GZ81Honda;420.0;Audi R8 LMS GT4;52.0;10.0;24.117;31.662;36.246;01:32.538;92538.0;01:32.025;15:25.380;2025-10-21;M2535421862963748;GT4;Laguna Seca;
0.0;;LCS Ginge;87.0;Mercedes AMG GT4;60.0;10.0;24.126;32.058;36.267;01:33.060;93060.0;01:32.451;15:30.600;2025-10-21;M2535428335198107;GT4;Laguna Seca;
0.0;;KingWise76;144.0;Mercedes AMG GT4;60.0;10.0;23.856;31.911;36.333;01:32.778;92778.0;01:32.100;15:27.780;2025-10-21;M2535464171877570;GT4;Laguna Seca;
0.0;;bmatthew717;42.0;Ginetta G55 GT4;56.0;0.0;2147483.647;2147483.647;2147483.647;35791:23.647;2147483647.0;107374:10.941;;2025-10-21;M2535456990131789;GT4;Laguna Seca;
0.0;;BadBen80;9.0;Alpine A110 GT4;50.0;0.0;2147483.647;2147483.647;2147483.647;35791:23.647;2147483647.0;107374:10.941;;2025-10-21;M2562092466593675;GT4;Laguna Seca;
0.0;;Thebadden#6350;260.0;Mercedes AMG GT4;60.0;0.0;2147483.647;2147483.647;2147483.647;35791:23.647;2147483647.0;107374:10.941;;2025-10-21;M2535468859834853;GT4;Laguna Seca;
0.0;;T1GZ81Honda;420.0;Audi R8 LMS GT4;52.0;0.0;2147483.647;2147483.647;2147483.647;35791:23.647;2147483647.0;107374:10.941;;2025-10-21;M2535421862963748;GT4;Laguna Seca;
0.0;;BoA Diamond;4.0;Ginetta G55 GT4;56.0;0.0;2147483.647;2147483.647;2147483.647;35791:23.647;2147483647.0;107374:10.941;;2025-10-21;M2533274963284096;GT4;Laguna Seca;
0.0;;ANM VIRZIO;6.0;Mercedes AMG GT4;60.0;0.0;2147483.647;2147483.647;2147483.647;35791:23.647;2147483647.0;107374:10.941;;2025-10-21;M2535415068381608;GT4;Laguna Seca;
0.0;;SCRAPPER 2000;20.0;Mercedes AMG GT4;60.0;0.0;2147483.647;2147483.647;2147483.647;35791:23.647;2147483647.0;107374:10.941;;2025-10-21;M2533274796566438;GT4;Laguna Seca;
0.0;;doyouwantonions;31.0;Ginetta G55 GT4;56.0;0.0;2147483.647;2147483.647;2147483.647;35791:23.647;2147483647.0;107374:10.941;;2025-10-21;P8031361137728278417;GT4;Laguna Seca;
0.0;;LCS Ginge;87.0;Mercedes AMG GT4;60.0;0.0;2147483.647;2147483.647;2147483.647;35791:23.647;2147483647.0;107374:10.941;;2025-10-21;M2535428335198107;GT4;Laguna Seca;
;;;;;;;;;;;;;;;;;Misano;0,,EQR Apex,Unknown,53,Ginetta G55 GT4,56,24,25.353,40.128,35.946,01:41.772,101772,01:41.427,40:42.528,2025-05-28,M2535440311354763
;;;;;;;;;;;;;;;;;Misano;0,,AMS DR1VE,Am/reserve,33,Ginetta G55 GT4,56,24,25.247,40.242,35.995,01:41.812,101812,01:41.484,40:43.488,2025-05-28,M2535459005860319
;;;;;;;;;;;;;;;;;Misano;0,,UGC Luke,Unknown,69,Ginetta G55 GT4,56,24,25.434,40.461,36.282,01:42.384,102384,01:42.177,40:57.216,2025-05-28,M2535460166046909
;;;;;;;;;;;;;;;;;Misano;0,,Tos F,Unknown,747,Ginetta G55 GT4,56,24,25.500,40.652,36.135,01:42.610,102610,01:42.287,41:02.640,2025-05-28,M2533274825104371
;;;;;;;;;;;;;;;;;Misano;0,,Y2004DTI,Am/reserve,550,Ginetta G55 GT4,56,24,25.597,40.577,36.352,01:42.887,102887,01:42.526,41:09.288,2025-05-28,M2535428245246604
;;;;;;;;;;;;;;;;;Misano;0,,Imagine Sphax,Pro,23,Ginetta G55 GT4,56,24,25.686,40.815,36.372,01:43.230,103230,01:42.873,41:17.520,2025-05-28,M2533274876472342
;;;;;;;;;;;;;;;;;Misano;0,,BoAPrawnStar,Pro,88,Ginetta G55 GT4,56,24,25.657,40.887,36.547,01:43.207,103207,01:43.091,41:16.968,2025-05-28,M2535426324983035
;;;;;;;;;;;;;;;;;Misano;0,,BadBen80,Pro,80,Ginetta G55 GT4,56,24,25.570,40.552,36.325,01:42.717,102717,01:42.447,41:05.208,2025-05-28,M2562092466593675
;;;;;;;;;;;;;;;;;Misano;0,,dmoney69812,Am/reserve,777,Ginetta G55 GT4,56,24,25.914,40.836,36.591,01:43.662,103662,01:43.341,41:27.888,2025-05-28,M2533274853814129
;;;;;;;;;;;;;;;;;Misano;0,,bmatthew717,Unknown,42,Ginetta G55 GT4,56,24,25.491,40.488,36.270,01:42.435,102435,01:42.249,40:58.440,2025-05-28,M2535456990131789
;;;;;;;;;;;;;;;;;Misano;0,,KingWise76,Silver,144,Ginetta G55 GT4,56,24,26.115,40.800,36.798,01:44.301,104301,01:43.713,41:43.224,2025-05-28,M2535464171877570
;;;;;;;;;;;;;;;;;Misano;0,,TAAT GUNA,Unknown,201,Ginetta G55 GT4,56,24,25.790,40.620,36.532,01:43.195,103195,01:42.942,41:16.680,2025-05-28,M2533274817407265
;;;;;;;;;;;;;;;;;Misano;0,,Racingrich#2732,Am/reserve,89,Ginetta G55 GT4,56,23,25.842,40.977,36.705,01:43.680,103680,01:43.524,39:44.640,2025-05-28,M2535454029768367
;;;;;;;;;;;;;;;;;Misano;0,,AMS Martinez,Silver,27,Ginetta G55 GT4,56,20,25.595,40.625,36.345,01:42.632,102632,01:42.565,34:12.640,2025-05-28,M2535439618096780
;;;;;;;;;;;;;;;;;Misano;0,,ryanpatrickw,Unknown,15,Ginetta G55 GT4,56,17,25.602,40.637,36.445,01:42.967,102967,01:42.684,29:10.439,2025-05-28,M2535412775133805
;;;;;;;;;;;;;;;;;Misano;0,,Thebadden#6350,Am/reserve,260,Ginetta G55 GT4,56,7,27.255,41.469,37.893,01:46.812,106812,01:46.617,12:27.684,2025-05-28,M2535468859834853
0.0;Mark;Browning;7.0;Ferrari 296 GT3;32.0;12.0;35.092;38.54;36.032;01:50.020;110020.0;01:49.664;22:00.240;2025-07-19;M2533274796566438;GT3;Monza;
0.0;Rey;Sabio Jr;144.0;Ferrari 296 GT3;32.0;13.0;35.196;38.421;35.631;01:49.398;109398.0;01:49.248;23:42.174;2025-07-20;M2535464171877570;GT3;Monza;
0.0;Sean;Briggs;88.0;Mercedes AMG GT3 2020;25.0;0.0;2147483.647;2147483.647;2147483.647;35791:23.647;2147483647.0;107374:10.941;;2025-07-20;M2535426324983035;GT3;Monza;
0.0;Z;Keszeli;25.0;McLaren 720S GT3 Evo;35.0;19.0;34.872;37.68;34.642;01:47.582;107582.0;01:47.194;34:04.058;2025-07-20;M2535441603635242;GT3;Monza;
0.0;Sean;Briggs;88.0;Mercedes AMG GT3 2020;25.0;4.0;35.247;37.997;35.35;01:48.635;108635.0;01:48.594;07:14.540;2025-07-20;M2535426324983035;GT3;Monza;
0.0;Adam;Lovell;260.0;Ford Mustang GT3;36.0;5.0;34.914;38.247;35.523;01:48.684;108684.0;01:48.684;09:03.420;2025-07-20;M2535468859834853;GT3;Monza;
0.0;Roy;Briggs;52.0;Ferrari 296 GT3;32.0;12.0;35.232;38.235;35.586;01:49.086;109086.0;01:49.053;21:49.032;2025-07-20;M2533274963284096;GT3;Monza;
0.0;Sean;Briggs;88.0;Mercedes AMG GT3 2020;25.0;0.0;2147483.647;2147483.647;2147483.647;35791:23.647;2147483647.0;107374:10.941;;2025-07-20;M2535426324983035;GT3;Monza;
0.0;Z;Keszeli;25.0;McLaren 720S GT3 Evo;35.0;0.0;2147483.647;2147483.647;2147483.647;35791:23.647;2147483647.0;107374:10.941;;2025-07-20;M2535441603635242;GT3;Monza;
0.0;Adam;Lovell;260.0;Ford Mustang GT3;36.0;0.0;2147483.647;2147483.647;2147483.647;35791:23.647;2147483647.0;107374:10.941;;2025-07-20;M2535468859834853;GT3;Monza;
0.0;Roy;Briggs;52.0;Ferrari 296 GT3;32.0;0.0;2147483.647;2147483.647;2147483.647;35791:23.647;2147483647.0;107374:10.941;;2025-07-20;M2533274963284096;GT3;Monza;
0.0;Sean;Briggs;88.0;Mercedes AMG GT3 2020;25.0;0.0;2147483.647;2147483.647;2147483.647;35791:23.647;2147483647.0;107374:10.941;;2025-07-20;M2535426324983035;GT3;Monza;
0.0;Z;Keszeli;25.0;McLaren 720S GT3 Evo;35.0;0.0;2147483.647;2147483.647;2147483.647;35791:23.647;2147483647.0;107374:10.941;;2025-07-20;M2535441603635242;GT3;Monza;
0.0;Adam;Lovell;260.0;Ford Mustang GT3;36.0;0.0;2147483.647;2147483.647;2147483.647;35791:23.647;2147483647.0;107374:10.941;;2025-07-20;M2535468859834853;GT3;Monza;
0.0;Roy;Briggs;52.0;Ferrari 296 GT3;32.0;0.0;2147483.647;2147483.647;2147483.647;35791:23.647;2147483647.0;107374:10.941;;2025-07-20;M2533274963284096;GT3;Monza;
0.0;Toby;Cirel;33.0;BMW M4 GT3 2022;26.0;8.0;34.785;37.47;34.862;01:47.117;107117.0;01:47.117;14:16.936;2025-07-20;M2535459005860319;GT3;Monza;
0.0;Linden;Hill;16.0;Bentley Continental GT3 2018;8.0;13.0;34.86;37.537;34.975;01:47.517;107517.0;01:47.372;23:17.721;2025-07-20;M2533274805889819;GT3;Monza;
0.0;Benjamin;Matthew;42.0;Ferrari 296 GT3;32.0;10.0;35.007;37.8;35.097;01:48.063;108063.0;01:47.904;18:00.630;2025-07-20;M2535456990131789;GT3;Monza;
0.0;Linden;Hill;16.0;Bentley Continental GT3 2018;8.0;5.0;34.872;37.635;34.97;01:47.587;107587.0;01:47.477;08:57.935;2025-07-20;M2533274805889819;GT3;Monza;
0.0;Toby;Cirel;33.0;BMW M4 GT3 2022;26.0;0.0;2147483.647;2147483.647;2147483.647;35791:23.647;2147483647.0;107374:10.941;;2025-07-20;M2535459005860319;GT3;Monza;
0.0;Benjamin;Matthew;42.0;Ferrari 296 GT3;32.0;0.0;2147483.647;2147483.647;2147483.647;35791:23.647;2147483647.0;107374:10.941;;2025-07-20;M2535456990131789;GT3;Monza;
0.0;Toby;Cirel;33.0;BMW M4 GT3 2022;26.0;0.0;2147483.647;2147483.647;2147483.647;35791:23.647;2147483647.0;107374:10.941;;2025-07-20;M2535459005860319;GT3;Monza;
0.0;Linden;Hill;16.0;Bentley Continental GT3 2018;8.0;0.0;2147483.647;2147483.647;2147483.647;35791:23.647;2147483647.0;107374:10.941;;2025-07-20;M2533274805889819;GT3;Monza;
0.0;Benjamin;Matthew;42.0;Ferrari 296 GT3;32.0;0.0;2147483.647;2147483.647;2147483.647;35791:23.647;2147483647.0;107374:10.941;;2025-07-20;M2535456990131789;GT3;Monza;
0.0;Linden;Hill;16.0;Bentley Continental GT3 2018;8.0;15.0;34.797;37.647;35.03;01:47.557;107557.0;01:47.474;26:53.355;2025-07-20;M2533274805889819;GT3;Monza;
0.0;Benjamin;Matthew;42.0;Ferrari 296 GT3;32.0;2.0;35.121;38.088;34.947;01:48.225;108225.0;01:48.156;03:36.450;2025-07-20;M2535456990131789;GT3;Monza;
0.0;Z;Keszeli;25.0;McLaren 720S GT3 Evo;35.0;22.0;35.235;37.865;35.197;01:48.432;108432.0;01:48.297;39:45.504;2025-07-20;M2535441603635242;GT3;Monza;
0.0;Graham;Kennedy;11.0;McLaren 720S GT3 Evo;35.0;0.0;2147483.647;2147483.647;2147483.647;35791:23.647;2147483647.0;107374:10.941;;2025-07-20;M2533274817811996;GT3;Monza;
0.0;Z;Keszeli;25.0;McLaren 720S GT3 Evo;35.0;2.0;34.89;37.477;34.78;01:47.245;107245.0;01:47.147;03:34.490;2025-07-20;M2535441603635242;GT3;Monza;
0.0;Linden;Hill;16.0;Bentley Continental GT3 2018;8.0;2.0;34.857;37.662;35.08;01:47.600;107600.0;01:47.599;03:35.200;2025-07-20;M2533274805889819;GT3;Monza;
0.0;Dustin;Hatcher;777.0;Ferrari 296 GT3;32.0;5.0;34.881;37.944;35.28;01:48.105;108105.0;01:48.105;09:00.525;2025-07-20;M2533274853814129;GT3;Monza;
0.0;Graham;Kennedy;11.0;McLaren 720S GT3 Evo;35.0;1.0;35.715;38.332;35.772;01:49.820;109820.0;01:49.819;01:49.820;2025-07-20;M2533274817811996;GT3;Monza;
0.0;Matt;Smith;720.0;McLaren 720S GT3 Evo;35.0;1.0;35.646;40.206;36.702;01:52.554;112554.0;01:52.554;01:52.554;2025-07-20;M2535457981610431;GT3;Monza;
0.0;Benjamin;Matthew;42.0;Ferrari 296 GT3;32.0;0.0;2147483.647;2147483.647;2147483.647;35791:23.647;2147483647.0;107374:10.941;;2025-07-20;M2535456990131789;GT3;Monza;
0.0;Dylan;Illidge;550.0;BMW M4 GT3 2022;26.0;0.0;2147483.647;2147483.647;2147483.647;35791:23.647;2147483647.0;107374:10.941;;2025-07-20;M2535428245246604;GT3;Monza;
0.0;Linden;Hill;16.0;Bentley Continental GT3 2018;8.0;4.0;34.955;37.88;34.97;01:47.832;107832.0;01:47.805;07:11.328;2025-07-20;M2533274805889819;GT3;Monza;
0.0;Matt;Smith;720.0;McLaren 720S GT3 Evo;35.0;5.0;35.373;38.76;35.946;01:50.079;110079.0;01:50.079;09:10.395;2025-07-20;M2535457981610431;GT3;Monza;
0.0;Z;Keszeli;25.0;McLaren 720S GT3 Evo;35.0;0.0;2147483.647;2147483.647;2147483.647;35791:23.647;2147483647.0;107374:10.941;;2025-07-20;M2535441603635242;GT3;Monza;
0.0;Benjamin;Matthew;42.0;Ferrari 296 GT3;32.0;0.0;2147483.647;2147483.647;2147483.647;35791:23.647;2147483647.0;107374:10.941;;2025-07-20;M2535456990131789;GT3;Monza;
0.0;Graham;Kennedy;11.0;McLaren 720S GT3 Evo;35.0;0.0;2147483.647;2147483.647;2147483.647;35791:23.647;2147483647.0;107374:10.941;;2025-07-20;M2533274817811996;GT3;Monza;
0.0;Dustin;Hatcher;777.0;Ferrari 296 GT3;32.0;0.0;2147483.647;2147483.647;2147483.647;35791:23.647;2147483647.0;107374:10.941;;2025-07-20;M2533274853814129;GT3;Monza;
0.0;Dylan;Illidge;550.0;BMW M4 GT3 2022;26.0;0.0;2147483.647;2147483.647;2147483.647;35791:23.647;2147483647.0;107374:10.941;;2025-07-20;M2535428245246604;GT3;Monza;
0.0;Rey;Sabio Jr;144.0;Ferrari 296 GT3;32.0;0.0;2147483.647;2147483.647;2147483.647;35791:23.647;2147483647.0;107374:10.941;;2025-07-20;M2535464171877570;GT3;Monza;
0.0;Z;Keszeli;25.0;McLaren 720S GT3 Evo;35.0;20.0;34.845;37.58;34.73;01:47.155;107155.0;01:47.155;35:43.100;2025-07-20;M2535441603635242;GT3;Monza;
0.0;Linden;Hill;16.0;Bentley Continental GT3 2018;8.0;21.0;34.775;37.505;34.885;01:47.245;107245.0;01:47.165;37:32.145;2025-07-20;M2533274805889819;GT3;Monza;
0.0;Toby;Cirel;33.0;BMW M4 GT3 2022;26.0;16.0;34.687;37.567;34.747;01:47.350;107350.0;01:47.001;28:37.600;2025-07-20;M2535459005860319;GT3;Monza;
0.0;Benjamin;Matthew;42.0;Ferrari 296 GT3;32.0;10.0;34.866;37.749;34.833;01:47.535;107535.0;01:47.448;17:55.350;2025-07-20;M2535456990131789;GT3;Monza;
0.0;Zack;Gross;27.0;Porsche 992 GT3 R;34.0;21.0;34.956;37.572;35.064;01:47.592;107592.0;01:47.592;37:39.432;2025-07-20;M2535430534227760;GT3;Monza;
0.0;;AMS_Ysbrand;26.0;McLaren 720S GT3 Evo;35.0;7.0;35.025;37.837;34.685;01:47.712;107712.0;01:47.547;12:33.984;2025-07-20;P8128973203454498506;GT3;Monza;
0.0;Nick;Efdee;23.0;Ferrari 296 GT3;32.0;18.0;35.055;37.827;34.878;01:47.910;107910.0;01:47.760;32:22.380;2025-07-20;M2533274876472342;GT3;Monza;
0.0;;AMS_Erik;109.0;McLaren 720S GT3 Evo;35.0;8.0;34.915;37.775;34.987;01:47.922;107922.0;01:47.677;14:23.376;2025-07-20;P5893162401816038298;GT3;Monza;
0.0;Dustin;Hatcher;777.0;Ferrari 296 GT3;32.0;15.0;34.887;37.899;34.908;01:48.063;108063.0;01:47.694;27:00.945;2025-07-20;M2533274853814129;GT3;Monza;
0.0;Ben;Jones;80.0;BMW M4 GT3 2022;26.0;7.0;35.02;37.825;35.287;01:48.225;108225.0;01:48.132;12:37.575;2025-07-20;M2562092466593675;GT3;Monza;
0.0;Sean;Briggs;88.0;Mercedes AMG GT3 2020;25.0;10.0;35.187;37.877;35.057;01:48.460;108460.0;01:48.121;18:04.600;2025-07-20;M2535426324983035;GT3;Monza;
0.0;Roy;Briggs;52.0;Ferrari 296 GT3;32.0;9.0;34.968;37.998;35.514;01:48.762;108762.0;01:48.480;16:18.858;2025-07-20;M2533274963284096;GT3;Monza;
0.0;Mark;Browning;7.0;Ferrari 296 GT3;32.0;11.0;34.865;38.007;35.71;01:48.865;108865.0;01:48.582;19:57.515;2025-07-20;M2533274796566438;GT3;Monza;
0.0;Richard;Huxley;89.0;Ferrari 296 GT3;32.0;14.0;35.079;38.358;35.55;01:48.987;108987.0;01:48.987;25:25.818;2025-07-20;M2535454029768367;GT3;Monza;
0.0;Graham;Kennedy;11.0;McLaren 720S GT3 Evo;35.0;7.0;35.12;38.25;35.63;01:49.047;109047.0;01:49.000;12:43.329;2025-07-20;M2533274817811996;GT3;Monza;
0.0;Dylan;Illidge;550.0;BMW M4 GT3 2022;26.0;6.0;35.005;38.412;35.472;01:49.175;109175.0;01:48.889;10:55.050;2025-07-20;M2535428245246604;GT3;Monza;
0.0;Rey;Sabio Jr;144.0;Ferrari 296 GT3;32.0;10.0;35.268;38.376;35.7;01:49.611;109611.0;01:49.344;18:16.110;2025-07-20;M2535464171877570;GT3;Monza;
0.0;Craig;Barfield;202.0;BMW M4 GT3 2022;26.0;13.0;35.08;38.517;35.915;01:49.865;109865.0;01:49.512;23:48.245;2025-07-20;P6555717445734582767;GT3;Monza;
0.0;Mark;Stapely;142.0;McLaren 720S GT3 Evo;35.0;12.0;35.367;38.485;35.532;01:49.905;109905.0;01:49.384;21:58.860;2025-07-20;M2533274804293173;GT3;Monza;
0.0;James;Roche;87.0;Aston Martin Vantage V8 2019;20.0;18.0;35.094;38.601;35.805;01:49.953;109953.0;01:49.500;32:59.154;2025-07-20;M2535428335198107;GT3;Monza;
0.0;John;Guise;10.0;Mercedes AMG GT3 2020;25.0;2.0;35.616;38.874;35.391;01:50.100;110100.0;01:49.881;03:40.200;2025-07-20;M2533274803882798;GT3;Monza;
0.0;Rob;Sexton;13.0;BMW M4 GT3 2022;26.0;3.0;35.14;38.955;36.23;01:50.487;110487.0;01:50.325;05:31.461;2025-07-20;M2533274809212122;GT3;Monza;
0.0;Adam;Lovell;260.0;Ford Mustang GT3;36.0;1.0;36.114;38.931;35.892;01:50.937;110937.0;01:50.937;01:50.937;2025-07-20;M2535468859834853;GT3;Monza;
0.0;Manuel;Verzi;6.0;BMW M6 GT3;7.0;0.0;2147483.647;2147483.647;2147483.647;35791:23.647;2147483647.0;107374:10.941;;2025-07-20;M2535415068381608;GT3;Monza;
0.0;Gareth;Johnstone;420.0;Honda NSX Evo 2019;21.0;0.0;2147483.647;2147483.647;2147483.647;35791:23.647;2147483647.0;107374:10.941;;2025-07-20;M2535421862963748;GT3;Monza;
0.0;Toby;Cirel;33.0;BMW M4 GT3 2022;26.0;6.0;34.702;37.48;34.722;01:46.955;106955.0;01:46.904;10:41.730;2025-07-20;M2535459005860319;GT3;Monza;
0.0;Z;Keszeli;25.0;McLaren 720S GT3 Evo;35.0;6.0;34.802;37.602;34.572;01:46.977;106977.0;01:46.976;10:41.862;2025-07-20;M2535441603635242;GT3;Monza;
0.0;Zack;Gross;27.0;Porsche 992 GT3 R;34.0;8.0;34.842;37.356;34.977;01:47.325;107325.0;01:47.175;14:18.600;2025-07-20;M2535430534227760;GT3;Monza;
0.0;Linden;Hill;16.0;Bentley Continental GT3 2018;8.0;7.0;34.827;37.55;34.81;01:47.410;107410.0;01:47.187;12:31.870;2025-07-20;M2533274805889819;GT3;Monza;
0.0;Benjamin;Matthew;42.0;Ferrari 296 GT3;32.0;6.0;34.917;37.617;34.821;01:47.424;107424.0;01:47.355;10:44.544;2025-07-20;M2535456990131789;GT3;Monza;
0.0;;AMS_Ysbrand;26.0;McLaren 720S GT3 Evo;35.0;7.0;34.92;37.652;34.77;01:47.657;107657.0;01:47.342;12:33.599;2025-07-20;P8128973203454498506;GT3;Monza;
0.0;Nick;Efdee;23.0;Ferrari 296 GT3;32.0;8.0;34.986;37.773;34.869;01:47.712;107712.0;01:47.628;14:21.696;2025-07-20;M2533274876472342;GT3;Monza;
0.0;Dustin;Hatcher;777.0;Ferrari 296 GT3;32.0;5.0;34.935;37.929;34.863;01:47.772;107772.0;01:47.727;08:58.860;2025-07-20;M2533274853814129;GT3;Monza;
0.0;Ben;Jones;80.0;BMW M4 GT3 2022;26.0;8.0;34.885;37.785;35.115;01:47.787;107787.0;01:47.785;14:22.296;2025-07-20;M2562092466593675;GT3;Monza;
0.0;;AMS_Erik;109.0;McLaren 720S GT3 Evo;35.0;7.0;35.07;37.822;35.267;01:48.212;108212.0;01:48.159;12:37.484;2025-07-20;P5893162401816038298;GT3;Monza;
0.0;Sean;Briggs;88.0;Mercedes AMG GT3 2020;25.0;5.0;35.112;37.782;35.115;01:48.220;108220.0;01:48.009;09:01.100;2025-07-20;M2535426324983035;GT3;Monza;
0.0;John;Guise;10.0;Mercedes AMG GT3 2020;25.0;5.0;35.304;38.034;35.1;01:48.438;108438.0;01:48.438;09:02.190;2025-07-20;M2533274803882798;GT3;Monza;
0.0;Dylan;Illidge;550.0;BMW M4 GT3 2022;26.0;6.0;34.867;38.122;35.377;01:48.637;108637.0;01:48.366;10:51.822;2025-07-20;M2535428245246604;GT3;Monza;
0.0;Graham;Kennedy;11.0;McLaren 720S GT3 Evo;35.0;7.0;34.977;38.327;35.205;01:48.760;108760.0;01:48.509;12:41.320;2025-07-20;M2533274817811996;GT3;Monza;
0.0;Manuel;Verzi;6.0;BMW M6 GT3;7.0;5.0;34.623;38.466;35.571;01:48.783;108783.0;01:48.660;09:03.915;2025-07-20;M2535415068381608;GT3;Monza;
0.0;Mark;Stapely;142.0;McLaren 720S GT3 Evo;35.0;7.0;35.152;38.022;35.382;01:48.812;108812.0;01:48.556;12:41.684;2025-07-20;M2533274804293173;GT3;Monza;
0.0;Mark;Browning;7.0;Ferrari 296 GT3;32.0;6.0;34.967;38.235;35.527;01:48.902;108902.0;01:48.729;10:53.412;2025-07-20;M2533274796566438;GT3;Monza;
0.0;Roy;Briggs;52.0;Ferrari 296 GT3;32.0;5.0;35.094;38.262;35.571;01:48.927;108927.0;01:48.927;09:04.635;2025-07-20;M2533274963284096;GT3;Monza;
0.0;Richard;Huxley;89.0;Ferrari 296 GT3;32.0;6.0;35.067;38.175;35.532;01:48.999;108999.0;01:48.774;10:53.994;2025-07-20;M2535454029768367;GT3;Monza;
0.0;Adam;Lovell;260.0;Ford Mustang GT3;36.0;5.0;34.968;38.343;35.64;01:49.188;109188.0;01:48.951;09:05.940;2025-07-20;M2535468859834853;GT3;Monza;
0.0;James;Roche;87.0;Aston Martin Vantage V8 2019;20.0;7.0;34.986;38.613;35.514;01:49.257;109257.0;01:49.113;12:44.799;2025-07-20;M2535428335198107;GT3;Monza;
0.0;Rey;Sabio Jr;144.0;Ferrari 296 GT3;32.0;4.0;35.244;38.292;35.562;01:49.311;109311.0;01:49.098;07:17.244;2025-07-20;M2535464171877570;GT3;Monza;
0.0;Rob;Sexton;13.0;BMW M4 GT3 2022;26.0;6.0;35.067;38.487;35.675;01:49.670;109670.0;01:49.229;10:58.020;2025-07-20;M2533274809212122;GT3;Monza;
0.0;Craig;Barfield;202.0;BMW M4 GT3 2022;26.0;6.0;35.065;38.405;35.975;01:49.937;109937.0;01:49.445;10:59.622;2025-07-20;P6555717445734582767;GT3;Monza;
0.0;Gareth;Johnstone;420.0;Honda NSX Evo 2019;21.0;1.0;2147483.647;2147483.647;2147483.647;35791:23.647;2147483647.0;107374:10.941;35791:23.647;2025-07-20;M2535421862963748;GT3;Monza;
0.0;Sean;Briggs;88.0;Mercedes AMG GT3 2020;25.0;0.0;2147483.647;2147483.647;2147483.647;35791:23.647;2147483647.0;107374:10.941;;2025-07-20;M2535426324983035;GT3;Monza;
0.0;Linden;Hill;16.0;Bentley Continental GT3 2018;8.0;0.0;2147483.647;2147483.647;2147483.647;35791:23.647;2147483647.0;107374:10.941;;2025-07-20;M2533274805889819;GT3;Monza;
0.0;Ben;Jones;80.0;BMW M4 GT3 2022;26.0;0.0;2147483.647;2147483.647;2147483.647;35791:23.647;2147483647.0;107374:10.941;;2025-07-20;M2562092466593675;GT3;Monza;
0.0;Benjamin;Matthew;42.0;Ferrari 296 GT3;32.0;0.0;2147483.647;2147483.647;2147483.647;35791:23.647;2147483647.0;107374:10.941;;2025-07-20;M2535456990131789;GT3;Monza;
0.0;Nick;Efdee;23.0;Ferrari 296 GT3;32.0;0.0;2147483.647;2147483.647;2147483.647;35791:23.647;2147483647.0;107374:10.941;;2025-07-20;M2533274876472342;GT3;Monza;
0.0;Richard;Huxley;89.0;Ferrari 296 GT3;32.0;0.0;2147483.647;2147483.647;2147483.647;35791:23.647;2147483647.0;107374:10.941;;2025-07-20;M2535454029768367;GT3;Monza;
0.0;Gareth;Johnstone;420.0;Honda NSX Evo 2019;21.0;0.0;2147483.647;2147483.647;2147483.647;35791:23.647;2147483647.0;107374:10.941;;2025-07-20;M2535421862963748;GT3;Monza;
0.0;Dustin;Hatcher;777.0;Ferrari 296 GT3;32.0;0.0;2147483.647;2147483.647;2147483.647;35791:23.647;2147483647.0;107374:10.941;;2025-07-20;M2533274853814129;GT3;Monza;
0.0;Zack;Gross;27.0;Porsche 992 GT3 R;34.0;0.0;2147483.647;2147483.647;2147483.647;35791:23.647;2147483647.0;107374:10.941;;2025-07-20;M2535430534227760;GT3;Monza;
0.0;James;Roche;87.0;Aston Martin Vantage V8 2019;20.0;0.0;2147483.647;2147483.647;2147483.647;35791:23.647;2147483647.0;107374:10.941;;2025-07-20;M2535428335198107;GT3;Monza;
0.0;John;Guise;10.0;Mercedes AMG GT3 2020;25.0;0.0;2147483.647;2147483.647;2147483.647;35791:23.647;2147483647.0;107374:10.941;;2025-07-20;M2533274803882798;GT3;Monza;
0.0;Mark;Browning;7.0;Ferrari 296 GT3;32.0;0.0;2147483.647;2147483.647;2147483.647;35791:23.647;2147483647.0;107374:10.941;;2025-07-20;M2533274796566438;GT3;Monza;
0.0;Roy;Briggs;52.0;Ferrari 296 GT3;32.0;0.0;2147483.647;2147483.647;2147483.647;35791:23.647;2147483647.0;107374:10.941;;2025-07-20;M2533274963284096;GT3;Monza;
0.0;Adam;Lovell;260.0;Ford Mustang GT3;36.0;0.0;2147483.647;2147483.647;2147483.647;35791:23.647;2147483647.0;107374:10.941;;2025-07-20;M2535468859834853;GT3;Monza;
0.0;Craig;Barfield;202.0;BMW M4 GT3 2022;26.0;0.0;2147483.647;2147483.647;2147483.647;35791:23.647;2147483647.0;107374:10.941;;2025-07-20;P6555717445734582767;GT3;Monza;
0.0;Z;Keszeli;25.0;McLaren 720S GT3 Evo;35.0;0.0;2147483.647;2147483.647;2147483.647;35791:23.647;2147483647.0;107374:10.941;;2025-07-20;M2535441603635242;GT3;Monza;
0.0;Toby;Cirel;33.0;BMW M4 GT3 2022;26.0;0.0;2147483.647;2147483.647;2147483.647;35791:23.647;2147483647.0;107374:10.941;;2025-07-20;M2535459005860319;GT3;Monza;
0.0;Toby;Cirel;33.0;BMW M4 GT3 2022;26.0;5.0;34.757;37.517;34.692;01:47.027;107027.0;01:46.966;08:55.135;2025-07-20;M2535459005860319;GT3;Monza;
0.0;Benjamin;Matthew;42.0;Ferrari 296 GT3;32.0;4.0;34.8;37.578;34.932;01:47.430;107430.0;01:47.310;07:09.720;2025-07-20;M2535456990131789;GT3;Monza;
0.0;Zack;Gross;27.0;Porsche 992 GT3 R;34.0;2.0;34.941;37.605;35.013;01:47.559;107559.0;01:47.559;03:35.118;2025-07-20;M2535430534227760;GT3;Monza;
0.0;Linden;Hill;16.0;Bentley Continental GT3 2018;8.0;4.0;34.81;37.63;34.992;01:47.612;107612.0;01:47.432;07:10.448;2025-07-20;M2533274805889819;GT3;Monza;
0.0;Z;Keszeli;25.0;McLaren 720S GT3 Evo;35.0;2.0;35.02;37.657;34.792;01:47.627;107627.0;01:47.469;03:35.254;2025-07-20;M2535441603635242;GT3;Monza;
0.0;;AMS_Ysbrand;26.0;McLaren 720S GT3 Evo;35.0;4.0;34.907;37.84;34.865;01:47.632;107632.0;01:47.612;07:10.528;2025-07-20;P8128973203454498506;GT3;Monza;
0.0;Ben;Jones;80.0;BMW M4 GT3 2022;26.0;5.0;34.86;37.655;35.16;01:47.675;107675.0;01:47.675;08:58.375;2025-07-20;M2562092466593675;GT3;Monza;
0.0;Nick;Efdee;23.0;Ferrari 296 GT3;32.0;4.0;35.001;37.86;35.037;01:48.072;108072.0;01:47.898;07:12.288;2025-07-20;M2533274876472342;GT3;Monza;
0.0;Adam;Lovell;260.0;Ford Mustang GT3;36.0;4.0;34.779;38.229;35.394;01:48.402;108402.0;01:48.402;07:13.608;2025-07-20;M2535468859834853;GT3;Monza;
0.0;Graham;Kennedy;11.0;McLaren 720S GT3 Evo;35.0;3.0;35.17;38.077;35.25;01:48.497;108497.0;01:48.497;05:25.491;2025-07-20;M2533274817811996;GT3;Monza;
0.0;;AMS_Erik;109.0;McLaren 720S GT3 Evo;35.0;2.0;35.232;37.967;35.325;01:48.525;108525.0;01:48.524;03:37.050;2025-07-20;P5893162401816038298;GT3;Monza;
0.0;Mark;Browning;7.0;Ferrari 296 GT3;32.0;3.0;34.97;38.25;35.542;01:48.762;108762.0;01:48.762;05:26.286;2025-07-20;M2533274796566438;GT3;Monza;
0.0;Dustin;Hatcher;777.0;Ferrari 296 GT3;32.0;2.0;34.935;37.809;35.505;01:48.765;108765.0;01:48.249;03:37.530;2025-07-20;M2533274853814129;GT3;Monza;
0.0;Dylan;Illidge;550.0;BMW M4 GT3 2022;26.0;2.0;35.007;38.167;35.687;01:48.862;108862.0;01:48.861;03:37.724;2025-07-20;M2535428245246604;GT3;Monza;
0.0;Mark;Stapely;142.0;McLaren 720S GT3 Evo;35.0;3.0;35.315;38.155;35.325;01:48.955;108955.0;01:48.795;05:26.865;2025-07-20;M2533274804293173;GT3;Monza;
0.0;Richard;Huxley;89.0;Ferrari 296 GT3;32.0;3.0;35.22;38.289;35.703;01:49.335;109335.0;01:49.212;05:28.005;2025-07-20;M2535454029768367;GT3;Monza;
0.0;Rob;Sexton;13.0;BMW M4 GT3 2022;26.0;3.0;35.167;38.852;35.767;01:49.882;109882.0;01:49.786;05:29.646;2025-07-20;M2533274809212122;GT3;Monza;
0.0;John;Guise;10.0;Mercedes AMG GT3 2020;25.0;1.0;35.586;38.469;36.186;01:50.241;110241.0;01:50.241;01:50.241;2025-07-20;M2533274803882798;GT3;Monza;
0.0;Rey;Sabio Jr;144.0;Ferrari 296 GT3;32.0;1.0;35.52;38.94;36.027;01:50.487;110487.0;01:50.487;01:50.487;2025-07-20;M2535464171877570;GT3;Monza;
0.0;Craig;Barfield;202.0;BMW M4 GT3 2022;26.0;4.0;35.392;38.835;35.967;01:50.667;110667.0;01:50.194;07:22.668;2025-07-20;P6555717445734582767;GT3;Monza;
0.0;James;Roche;87.0;Aston Martin Vantage V8 2019;20.0;4.0;35.301;39.606;36.039;01:51.276;111276.0;01:50.946;07:25.104;2025-07-20;M2535428335198107;GT3;Monza;
0.0;Gareth;Johnstone;420.0;Honda NSX Evo 2019;21.0;1.0;36.48;39.24;36.486;01:52.206;112206.0;01:52.206;01:52.206;2025-07-20;M2535421862963748;GT3;Monza;
0.0;Sean;Briggs;88.0;Mercedes AMG GT3 2020;25.0;0.0;2147483.647;2147483.647;2147483.647;35791:23.647;2147483647.0;107374:10.941;;2025-07-20;M2535426324983035;GT3;Monza;
0.0;Roy;Briggs;52.0;Ferrari 296 GT3;32.0;0.0;2147483.647;2147483.647;2147483.647;35791:23.647;2147483647.0;107374:10.941;;2025-07-20;M2533274963284096;GT3;Monza;
0.0;Manuel;Verzi;6.0;BMW M6 GT3;7.0;0.0;2147483.647;2147483.647;2147483.647;35791:23.647;2147483647.0;107374:10.941;;2025-07-20;M2535415068381608;GT3;Monza;
0.0;Toby;Cirel;33.0;BMW M4 GT3 2022;26.0;42.0;34.817;37.637;34.795;01:47.482;107482.0;01:47.249;75:14.244;2025-07-20;M2535459005860319;GT3;Monza;
0.0;Benjamin;Matthew;42.0;Ferrari 296 GT3;32.0;42.0;34.899;37.617;34.965;01:47.709;107709.0;01:47.481;75:23.778;2025-07-20;M2535456990131789;GT3;Monza;
0.0;Zack;Gross;27.0;Porsche 992 GT3 R;34.0;42.0;34.869;37.695;35.133;01:48.024;108024.0;01:47.697;75:37.008;2025-07-20;M2535430534227760;GT3;Monza;
0.0;Ben;Jones;80.0;BMW M4 GT3 2022;26.0;42.0;34.98;37.76;35.182;01:48.117;108117.0;01:47.922;75:40.914;2025-07-20;M2562092466593675;GT3;Monza;
0.0;Nick;Efdee;23.0;Ferrari 296 GT3;32.0;42.0;35.193;37.908;35.073;01:48.285;108285.0;01:48.174;75:47.970;2025-07-20;M2533274876472342;GT3;Monza;
0.0;Z;Keszeli;25.0;McLaren 720S GT3 Evo;35.0;42.0;35.012;37.647;34.925;01:47.590;107590.0;01:47.584;75:18.780;2025-07-20;M2535441603635242;GT3;Monza;
0.0;Graham;Kennedy;11.0;McLaren 720S GT3 Evo;35.0;42.0;35.122;38.142;35.345;01:48.777;108777.0;01:48.609;76:08.634;2025-07-20;M2533274817811996;GT3;Monza;
0.0;Sean;Briggs;88.0;Mercedes AMG GT3 2020;25.0;42.0;35.195;37.905;35.202;01:48.530;108530.0;01:48.302;75:58.260;2025-07-20;M2535426324983035;GT3;Monza;
0.0;Dylan;Illidge;550.0;BMW M4 GT3 2022;26.0;42.0;35.015;38.172;35.545;01:48.990;108990.0;01:48.732;76:17.580;2025-07-20;M2535428245246604;GT3;Monza;
0.0;Adam;Lovell;260.0;Ford Mustang GT3;36.0;42.0;34.935;38.19;35.523;01:49.053;109053.0;01:48.648;76:20.226;2025-07-20;M2535468859834853;GT3;Monza;
0.0;Mark;Stapely;142.0;McLaren 720S GT3 Evo;35.0;42.0;35.212;38.025;35.36;01:48.837;108837.0;01:48.597;76:11.154;2025-07-20;M2533274804293173;GT3;Monza;
0.0;Roy;Briggs;52.0;Ferrari 296 GT3;32.0;41.0;35.118;38.298;35.628;01:49.179;109179.0;01:49.044;74:36.339;2025-07-20;M2533274963284096;GT3;Monza;
0.0;Mark;Browning;7.0;Ferrari 296 GT3;32.0;41.0;35.055;38.175;35.747;01:49.375;109375.0;01:48.977;74:44.375;2025-07-20;M2533274796566438;GT3;Monza;
0.0;Richard;Huxley;89.0;Ferrari 296 GT3;32.0;41.0;35.202;38.394;35.67;01:49.746;109746.0;01:49.266;74:59.586;2025-07-20;M2535454029768367;GT3;Monza;
0.0;James;Roche;87.0;Aston Martin Vantage V8 2019;20.0;41.0;35.166;38.778;36.345;01:50.766;110766.0;01:50.289;75:41.406;2025-07-20;M2535428335198107;GT3;Monza;
0.0;John;Guise;10.0;Mercedes AMG GT3 2020;25.0;40.0;35.22;38.199;35.334;01:49.191;109191.0;01:48.753;72:47.640;2025-07-20;M2533274803882798;GT3;Monza;
0.0;Rob;Sexton;13.0;BMW M4 GT3 2022;26.0;40.0;35.327;38.527;36.065;01:50.340;110340.0;01:49.919;73:33.600;2025-07-20;M2533274809212122;GT3;Monza;
0.0;Dustin;Hatcher;777.0;Ferrari 296 GT3;32.0;40.0;35.067;38.13;35.499;01:49.224;109224.0;01:48.696;72:48.960;2025-07-20;M2533274853814129;GT3;Monza;
0.0;Gareth;Johnstone;420.0;Honda NSX Evo 2019;21.0;29.0;35.142;39.234;36.384;01:51.192;111192.0;01:50.760;53:44.568;2025-07-20;M2535421862963748;GT3;Monza;
0.0;Rey;Sabio Jr;144.0;Ferrari 296 GT3;32.0;14.0;35.397;38.703;35.907;01:50.556;110556.0;01:50.007;25:47.784;2025-07-20;M2535464171877570;GT3;Monza;
0.0;;AMS_Ysbrand;26.0;McLaren 720S GT3 Evo;35.0;7.0;35.04;37.765;34.957;01:48.127;108127.0;01:47.762;12:36.889;2025-07-20;P8128973203454498506;GT3;Monza;
0.0;Craig;Barfield;202.0;BMW M4 GT3 2022;26.0;5.0;35.64;38.822;35.997;01:51.327;111327.0;01:50.459;09:16.635;2025-07-20;P6555717445734582767;GT3;Monza;
0.0;Linden;Hill;16.0;Bentley Continental GT3 2018;8.0;5.0;34.967;38.212;35.457;01:48.842;108842.0;01:48.636;09:04.210;2025-07-20;M2533274805889819;GT3;Monza;
0.0;Manuel;Verzi;6.0;BMW M6 GT3;7.0;5.0;34.755;38.61;35.892;01:49.485;109485.0;01:49.257;09:07.425;2025-07-20;M2535415068381608;GT3;Monza;
0.0;Lee;Hallam;240.0;Ferrari 296 GT3;32.0;2.0;2147483.647;2147483.647;2147483.647;35791:23.647;2147483647.0;107374:10.941;71582:47.294;2025-07-20;M2535429463915836;GT3;Monza;
0.0;;AMS_Erik;109.0;McLaren 720S GT3 Evo;35.0;1.0;2147483.647;2147483.647;2147483.647;35791:23.647;2147483647.0;107374:10.941;35791:23.647;2025-07-20;P5893162401816038298;GT3;Monza;
0.0;Ben;Jones;80.0;BMW M4 GT3 2022;26.0;0.0;2147483.647;2147483.647;2147483.647;35791:23.647;2147483647.0;107374:10.941;;2025-07-20;M2562092466593675;GT3;Monza;
0.0;Nick;Efdee;23.0;Ferrari 296 GT3;32.0;0.0;2147483.647;2147483.647;2147483.647;35791:23.647;2147483647.0;107374:10.941;;2025-07-20;M2533274876472342;GT3;Monza;
0.0;Richard;Huxley;89.0;Ferrari 296 GT3;32.0;0.0;2147483.647;2147483.647;2147483.647;35791:23.647;2147483647.0;107374:10.941;;2025-07-20;M2535454029768367;GT3;Monza;
0.0;Dustin;Hatcher;777.0;Ferrari 296 GT3;32.0;0.0;2147483.647;2147483.647;2147483.647;35791:23.647;2147483647.0;107374:10.941;;2025-07-20;M2533274853814129;GT3;Monza;
0.0;Zack;Gross;27.0;Porsche 992 GT3 R;34.0;0.0;2147483.647;2147483.647;2147483.647;35791:23.647;2147483647.0;107374:10.941;;2025-07-20;M2535430534227760;GT3;Monza;
0.0;James;Roche;87.0;Aston Martin Vantage V8 2019;20.0;0.0;2147483.647;2147483.647;2147483.647;35791:23.647;2147483647.0;107374:10.941;;2025-07-20;M2535428335198107;GT3;Monza;
0.0;John;Guise;10.0;Mercedes AMG GT3 2020;25.0;0.0;2147483.647;2147483.647;2147483.647;35791:23.647;2147483647.0;107374:10.941;;2025-07-20;M2533274803882798;GT3;Monza;
0.0;Roy;Briggs;52.0;Ferrari 296 GT3;32.0;0.0;2147483.647;2147483.647;2147483.647;35791:23.647;2147483647.0;107374:10.941;;2025-07-20;M2533274963284096;GT3;Monza;
0.0;Adam;Lovell;260.0;Ford Mustang GT3;36.0;0.0;2147483.647;2147483.647;2147483.647;35791:23.647;2147483647.0;107374:10.941;;2025-07-20;M2535468859834853;GT3;Monza;
0.0;Z;Keszeli;25.0;McLaren 720S GT3 Evo;35.0;0.0;2147483.647;2147483.647;2147483.647;35791:23.647;2147483647.0;107374:10.941;;2025-07-20;M2535441603635242;GT3;Monza;
0.0;Graham;Kennedy;11.0;McLaren 720S GT3 Evo;35.0;0.0;2147483.647;2147483.647;2147483.647;35791:23.647;2147483647.0;107374:10.941;;2025-07-20;M2533274817811996;GT3;Monza;
0.0;Mark;Stapely;142.0;McLaren 720S GT3 Evo;35.0;0.0;2147483.647;2147483.647;2147483.647;35791:23.647;2147483647.0;107374:10.941;;2025-07-20;M2533274804293173;GT3;Monza;
0.0;Dylan;Illidge;550.0;BMW M4 GT3 2022;26.0;0.0;2147483.647;2147483.647;2147483.647;35791:23.647;2147483647.0;107374:10.941;;2025-07-20;M2535428245246604;GT3;Monza;
0.0;Ben;Jones;80.0;BMW M4 GT3 2022;26.0;0.0;2147483.647;2147483.647;2147483.647;35791:23.647;2147483647.0;107374:10.941;;2025-07-20;M2562092466593675;GT3;Monza;
0.0;Nick;Efdee;23.0;Ferrari 296 GT3;32.0;0.0;2147483.647;2147483.647;2147483.647;35791:23.647;2147483647.0;107374:10.941;;2025-07-20;M2533274876472342;GT3;Monza;
0.0;Richard;Huxley;89.0;Ferrari 296 GT3;32.0;0.0;2147483.647;2147483.647;2147483.647;35791:23.647;2147483647.0;107374:10.941;;2025-07-20;M2535454029768367;GT3;Monza;
0.0;Dustin;Hatcher;777.0;Ferrari 296 GT3;32.0;0.0;2147483.647;2147483.647;2147483.647;35791:23.647;2147483647.0;107374:10.941;;2025-07-20;M2533274853814129;GT3;Monza;
0.0;Zack;Gross;27.0;Porsche 992 GT3 R;34.0;0.0;2147483.647;2147483.647;2147483.647;35791:23.647;2147483647.0;107374:10.941;;2025-07-20;M2535430534227760;GT3;Monza;
0.0;James;Roche;87.0;Aston Martin Vantage V8 2019;20.0;0.0;2147483.647;2147483.647;2147483.647;35791:23.647;2147483647.0;107374:10.941;;2025-07-20;M2535428335198107;GT3;Monza;
0.0;John;Guise;10.0;Mercedes AMG GT3 2020;25.0;0.0;2147483.647;2147483.647;2147483.647;35791:23.647;2147483647.0;107374:10.941;;2025-07-20;M2533274803882798;GT3;Monza;
0.0;Roy;Briggs;52.0;Ferrari 296 GT3;32.0;0.0;2147483.647;2147483.647;2147483.647;35791:23.647;2147483647.0;107374:10.941;;2025-07-20;M2533274963284096;GT3;Monza;
0.0;Adam;Lovell;260.0;Ford Mustang GT3;36.0;0.0;2147483.647;2147483.647;2147483.647;35791:23.647;2147483647.0;107374:10.941;;2025-07-20;M2535468859834853;GT3;Monza;
0.0;Z;Keszeli;25.0;McLaren 720S GT3 Evo;35.0;0.0;2147483.647;2147483.647;2147483.647;35791:23.647;2147483647.0;107374:10.941;;2025-07-20;M2535441603635242;GT3;Monza;
0.0;Graham;Kennedy;11.0;McLaren 720S GT3 Evo;35.0;0.0;2147483.647;2147483.647;2147483.647;35791:23.647;2147483647.0;107374:10.941;;2025-07-20;M2533274817811996;GT3;Monza;
0.0;Mark;Stapely;142.0;McLaren 720S GT3 Evo;35.0;0.0;2147483.647;2147483.647;2147483.647;35791:23.647;2147483647.0;107374:10.941;;2025-07-20;M2533274804293173;GT3;Monza;
0.0;Dylan;Illidge;550.0;BMW M4 GT3 2022;26.0;0.0;2147483.647;2147483.647;2147483.647;35791:23.647;2147483647.0;107374:10.941;;2025-07-20;M2535428245246604;GT3;Monza;
0.0;;BoA Diamond;4.0;Porsche 992 GT3 R;34.0;0.0;2147483.647;2147483.647;2147483.647;35791:23.647;2147483647.0;107374:10.941;;2025-09-14;M2533274963284096;GT3;Monza;
0.0;Toby;Cirel;49.0;Mercedes AMG GT4;60.0;0.0;2147483.647;2147483.647;2147483.647;35791:23.647;2147483647.0;107374:10.941;;2025-09-28;M2535459005860319;GT4;Monza;
0.0;;Racingrich#2732;89.0;Ferrari 296 GT3;32.0;3.0;55.272;43.056;17.124;01:55.452;115452.0;01:55.452;05:46.356;2025-09-07;M2535454029768367;GT3;Nurburgring;
0.0;;bmatthew717;42.0;Ferrari 296 GT3;32.0;2.0;2147483.647;2147483.647;2147483.647;35791:23.647;2147483647.0;107374:10.941;71582:47.294;2025-09-07;M2535456990131789;GT3;Nurburgring;
0.0;;BoAPrawnStar;100.0;Ferrari 296 GT3;32.0;0.0;2147483.647;2147483.647;2147483.647;35791:23.647;2147483647.0;107374:10.941;;2025-09-07;M2535426324983035;GT3;Nurburgring;
0.0;;InocentPredator;720.0;McLaren 720S GT3 Evo;35.0;0.0;2147483.647;2147483.647;2147483.647;35791:23.647;2147483647.0;107374:10.941;;2025-09-07;M2533274809212122;GT3;Nurburgring;
0.0;;T1GZ81Honda;71.0;Ferrari 296 GT3;32.0;0.0;2147483.647;2147483.647;2147483.647;35791:23.647;2147483647.0;107374:10.941;;2025-09-07;M2535421862963748;GT3;Nurburgring;
0.0;;BoA Diamond;92.0;Porsche 992 GT3 R;34.0;0.0;2147483.647;2147483.647;2147483.647;35791:23.647;2147483647.0;107374:10.941;;2025-09-07;M2533274963284096;GT3;Nurburgring;
0.0;;bmatthew717;42.0;Ferrari 296 GT3;32.0;2.0;55.293;43.002;16.932;01:55.227;115227.0;01:55.227;03:50.454;2025-09-07;M2535456990131789;GT3;Nurburgring;
0.0;;Racingrich#2732;89.0;Ferrari 296 GT3;32.0;5.0;55.065;43.056;17.001;01:55.329;115329.0;01:55.122;09:36.645;2025-09-07;M2535454029768367;GT3;Nurburgring;
0.0;;BoAPrawnStar;100.0;Ferrari 296 GT3;32.0;3.0;55.25;43.275;16.985;01:55.625;115625.0;01:55.510;05:46.875;2025-09-07;M2535426324983035;GT3;Nurburgring;
0.0;;BoA KoolAid;20.0;Ford Mustang GT3;36.0;1.0;56.172;43.146;17.763;01:57.081;117081.0;01:57.081;01:57.081;2025-09-07;M2533274804593068;GT3;Nurburgring;
0.0;;InocentPredator;720.0;McLaren 720S GT3 Evo;35.0;4.0;56.655;44.477;18.032;01:59.217;119217.0;01:59.164;07:56.868;2025-09-07;M2533274809212122;GT3;Nurburgring;
0.0;;T1GZ81Honda;71.0;Ferrari 296 GT3;32.0;2.0;2147483.647;2147483.647;2147483.647;35791:23.647;2147483647.0;107374:10.941;71582:47.294;2025-09-07;M2535421862963748;GT3;Nurburgring;
0.0;;BoA Diamond;92.0;Porsche 992 GT3 R;34.0;0.0;2147483.647;2147483.647;2147483.647;35791:23.647;2147483647.0;107374:10.941;;2025-09-07;M2533274963284096;GT3;Nurburgring;
0.0;;Thebadden#6350;260.0;Ford Mustang GT3;36.0;0.0;2147483.647;2147483.647;2147483.647;35791:23.647;2147483647.0;107374:10.941;;2025-09-07;M2535468859834853;GT3;Nurburgring;
0.0;;bmatthew717;42.0;Ferrari 296 GT3;32.0;0.0;2147483.647;2147483.647;2147483.647;35791:23.647;2147483647.0;107374:10.941;;2025-09-07;M2535456990131789;GT3;Oulton Park;
0.0;;bmatthew717;42.0;Ferrari 296 GT3;32.0;1.0;23.49;46.68;26.019;01:36.189;96189.0;01:36.189;01:36.189;2025-09-07;M2535456990131789;GT3;Oulton Park;
0.0;;Thebadden#6350;260.0;Ford Mustang GT3;36.0;0.0;2147483.647;2147483.647;2147483.647;35791:23.647;2147483647.0;107374:10.941;;2025-09-07;M2535468859834853;GT3;Oulton Park;
0.0;;T1GZ81Honda;11.0;Audi R8 LMS Evo 2;31.0;0.0;2147483.647;2147483.647;2147483.647;35791:23.647;2147483647.0;107374:10.941;;2025-09-07;M2535421862963748;GT3;Oulton Park;
0.0;;bmatthew717;42.0;Ferrari 296 GT3;32.0;4.0;22.998;45.513;25.734;01:34.362;94362.0;01:34.245;06:17.448;2025-09-07;M2535456990131789;GT3;Oulton Park;
0.0;;Thebadden#6350;260.0;Ford Mustang GT3;36.0;0.0;2147483.647;2147483.647;2147483.647;35791:23.647;2147483647.0;107374:10.941;;2025-09-07;M2535468859834853;GT3;Oulton Park;
0.0;;T1GZ81Honda;11.0;Audi R8 LMS Evo 2;31.0;0.0;2147483.647;2147483.647;2147483.647;35791:23.647;2147483647.0;107374:10.941;;2025-09-07;M2535421862963748;GT3;Oulton Park;
0.0;;BoA KoolAid;20.0;Ford Mustang GT3;36.0;0.0;2147483.647;2147483.647;2147483.647;35791:23.647;2147483647.0;107374:10.941;;2025-09-07;M2533274804593068;GT3;Oulton Park;
0.0;;InocentPredator;720.0;McLaren 720S GT3 Evo;35.0;0.0;2147483.647;2147483.647;2147483.647;35791:23.647;2147483647.0;107374:10.941;;2025-09-07;M2533274809212122;GT3;Oulton Park;
0.0;Linden;Hill;7.0;Bentley Continental GT3 2018;8.0;2.0;29.785;34.907;41.257;01:45.957;105957.0;01:45.949;03:31.914;2025-08-21;M2533274805889819;GT3;Paul Ricard;
0.0;Adam;Lovell;260.0;Ford Mustang GT3;36.0;0.0;2147483.647;2147483.647;2147483.647;35791:23.647;2147483647.0;107374:10.941;;2025-08-21;M2535468859834853;GT3;Paul Ricard;
0.0;Gareth;Johnstone;420.0;Honda NSX Evo 2019;21.0;0.0;2147483.647;2147483.647;2147483.647;35791:23.647;2147483647.0;107374:10.941;;2025-08-21;M2535421862963748;GT3;Paul Ricard;
0.0;;BoA Diamond;92.0;Porsche 992 GT3 R;34.0;0.0;2147483.647;2147483.647;2147483.647;35791:23.647;2147483647.0;107374:10.941;;2025-09-07;M2533274963284096;GT3;Paul Ricard;
0.0;;Thebadden#6350;260.0;Ford Mustang GT3;36.0;0.0;2147483.647;2147483.647;2147483.647;35791:23.647;2147483647.0;107374:10.941;;2025-09-07;M2535468859834853;GT3;Paul Ricard;
0.0;Z;Keszeli;25.0;McLaren 720S GT3 Evo;35.0;38.0;23.565;41.027;29.015;01:33.835;93835.0;01:33.607;59:25.730;2025-07-13;M2535441603635242;GT3;Red Bull Ring;
0.0;Ben;Jones;80.0;BMW M4 GT3 2022;26.0;38.0;23.542;41.032;29.32;01:34.090;94090.0;01:33.894;59:35.420;2025-07-13;M2562092466593675;GT3;Red Bull Ring;
0.0;Nick;Efdee;23.0;Ferrari 296 GT3;32.0;38.0;23.535;41.148;29.226;01:34.065;94065.0;01:33.909;59:34.470;2025-07-13;M2533274876472342;GT3;Red Bull Ring;
0.0;Zack;Gross;27.0;Porsche 992 GT3 R;34.0;38.0;23.538;40.854;29.106;01:33.639;93639.0;01:33.498;59:18.282;2025-07-13;M2535430534227760;GT3;Red Bull Ring;
0.0;Benjamin;Matthew;42.0;Ferrari 296 GT3;32.0;38.0;23.4;41.112;29.145;01:33.801;93801.0;01:33.657;59:24.438;2025-07-13;M2535456990131789;GT3;Red Bull Ring;
0.0;Jesper;Beiboer;15.0;Ferrari 296 GT3;32.0;38.0;23.742;41.292;29.16;01:34.557;94557.0;01:34.194;59:53.166;2025-07-13;M2535465743812802;GT3;Red Bull Ring;
0.0;Sean;Briggs;88.0;Mercedes AMG GT3 2020;25.0;38.0;23.512;41.237;29.715;01:34.772;94772.0;01:34.464;60:01.336;2025-07-13;M2535426324983035;GT3;Red Bull Ring;
0.0;Richard;Huxley;89.0;Ferrari 296 GT3;32.0;38.0;23.61;41.313;29.469;01:34.503;94503.0;01:34.392;59:51.114;2025-07-13;M2535454029768367;GT3;Red Bull Ring;
0.0;;BoA KoolAid;20.0;Ford Mustang GT3;36.0;38.0;23.646;41.898;29.457;01:35.199;95199.0;01:35.001;60:17.562;2025-07-13;M2533274804593068;GT3;Red Bull Ring;
0.0;Adam;Lovell;260.0;Ford Mustang GT3;36.0;38.0;23.532;41.619;29.706;01:35.073;95073.0;01:34.857;60:12.774;2025-07-13;M2535468859834853;GT3;Red Bull Ring;
0.0;Graham;Kennedy;11.0;McLaren 720S GT3 Evo;35.0;38.0;23.815;41.595;29.97;01:35.692;95692.0;01:35.380;60:36.296;2025-07-13;M2533274817811996;GT3;Red Bull Ring;
0.0;Rob;Sexton;13.0;BMW M4 GT3 2022;26.0;37.0;23.785;41.635;29.935;01:35.552;95552.0;01:35.355;58:55.424;2025-07-13;M2533274809212122;GT3;Red Bull Ring;
0.0;John;Guise;10.0;Mercedes AMG GT3 2020;25.0;37.0;23.865;42.081;29.967;01:36.534;96534.0;01:35.913;59:31.758;2025-07-13;M2533274803882798;GT3;Red Bull Ring;
0.0;Roy;Briggs;52.0;Ferrari 296 GT3;32.0;37.0;23.835;41.394;29.634;01:35.076;95076.0;01:34.863;58:37.812;2025-07-13;M2533274963284096;GT3;Red Bull Ring;
0.0;Craig;Barfield;202.0;BMW M4 GT3 2022;26.0;36.0;24.127;42.375;30.505;01:37.677;97677.0;01:37.007;58:36.372;2025-07-13;P6555717445734582767;GT3;Red Bull Ring;
0.0;James;Roche;87.0;Aston Martin Vantage V8 2019;20.0;35.0;23.946;42.759;30.396;01:37.626;97626.0;01:37.101;56:56.910;2025-07-13;M2535428335198107;GT3;Red Bull Ring;
0.0;Linden;Hill;16.0;Bentley Continental GT3 2018;8.0;19.0;23.46;41.01;29.152;01:33.892;93892.0;01:33.622;29:43.948;2025-07-13;M2533274805889819;GT3;Red Bull Ring;
0.0;Rey;Sabio Jr;144.0;Ferrari 296 GT3;32.0;19.0;23.865;41.88;30.213;01:36.090;96090.0;01:35.958;30:25.710;2025-07-13;M2535464171877570;GT3;Red Bull Ring;
0.0;;FebrePT;51.0;Ferrari 296 GT3;32.0;18.0;24.0;41.555;29.957;01:35.715;95715.0;01:35.512;28:42.870;2025-07-13;M2535432740391477;GT3;Red Bull Ring;
0.0;Mark;Stapely;142.0;McLaren 720S GT3 Evo;35.0;9.0;23.897;41.677;30.047;01:36.070;96070.0;01:35.621;14:24.630;2025-07-13;M2533274804293173;GT3;Red Bull Ring;
0.0;Andrew;Mcvittie;116.0;Aston Martin Vantage V8 2019;20.0;8.0;23.567;41.357;29.55;01:34.600;94600.0;01:34.474;12:36.800;2025-07-13;M2533274896948119;GT3;Red Bull Ring;
0.0;;DR1VE#4787;33.0;Ginetta G55 GT4;56.0;23.0;33.947;35.617;34.277;01:43.860;103860.0;01:43.841;39:48.780;2025-06-04;M2535459005860319;GT4;Zandvoort;
0.0;;BadBen80;80.0;Ginetta G55 GT4;56.0;23.0;34.095;35.735;34.425;01:44.345;104345.0;01:44.255;39:59.935;2025-06-04;M2562092466593675;GT4;Zandvoort;
0.0;;Imagine Sphax;23.0;Ginetta G55 GT4;56.0;23.0;34.125;35.82;34.68;01:44.757;104757.0;01:44.625;40:09.411;2025-06-04;M2533274876472342;GT4;Zandvoort;
0.0;;Y2004DTI;550.0;Ginetta G55 GT4;56.0;23.0;34.035;35.61;34.515;01:44.310;104310.0;01:44.160;39:59.130;2025-06-04;M2535428245246604;GT4;Zandvoort;
0.0;;bmatthew717;42.0;Ginetta G55 GT4;56.0;23.0;34.059;35.715;34.428;01:44.268;104268.0;01:44.202;39:58.164;2025-06-04;M2535456990131789;GT4;Zandvoort;
0.0;;Tos F;747.0;Ginetta G55 GT4;56.0;23.0;34.142;35.842;34.602;01:44.912;104912.0;01:44.586;40:12.976;2025-06-04;M2533274825104371;GT4;Zandvoort;
0.0;;TAAT GUNA;201.0;Ginetta G55 GT4;56.0;23.0;34.165;35.992;34.605;01:44.950;104950.0;01:44.762;40:13.850;2025-06-04;M2533274817407265;GT4;Zandvoort;
0.0;;CHEWBACCA 3110;7.0;Ginetta G55 GT4;56.0;23.0;34.152;35.997;34.655;01:45.415;105415.0;01:44.804;40:24.545;2025-06-04;M2533274934545075;GT4;Zandvoort;
0.0;;BoAPrawnStar;88.0;Ginetta G55 GT4;56.0;23.0;34.472;36.052;34.705;01:45.335;105335.0;01:45.229;40:22.705;2025-06-04;M2535426324983035;GT4;Zandvoort;
0.0;;Racingrich#2732;89.0;Ginetta G55 GT4;56.0;23.0;34.356;36.192;34.875;01:45.864;105864.0;01:45.423;40:34.872;2025-06-04;M2535454029768367;GT4;Zandvoort;
0.0;;Thebadden#6350;260.0;Ginetta G55 GT4;56.0;23.0;34.551;36.168;34.86;01:46.074;106074.0;01:45.579;40:39.702;2025-06-04;M2535468859834853;GT4;Zandvoort;
0.0;;T1GZ81Honda;24.0;Ginetta G55 GT4;56.0;22.0;34.887;36.558;34.998;01:46.743;106743.0;01:46.443;39:08.346;2025-06-04;M2535421862963748;GT4;Zandvoort;
0.0;;The_Duke_Fleed;15.0;Ginetta G55 GT4;56.0;4.0;35.04;37.645;36.075;01:48.760;108760.0;01:48.760;07:15.040;2025-06-04;P4614911871784324097;GT4;Zandvoort;
0.0;;EQR Apex;53.0;Ginetta G55 GT4;56.0;1.0;2147483.647;2147483.647;2147483.647;35791:23.647;2147483647.0;107374:10.941;35791:23.647;2025-06-04;M2535440311354763;GT4;Zandvoort;
0.0;;KingWise76;144.0;Ginetta G55 GT4;56.0;0.0;2147483.647;2147483.647;2147483.647;35791:23.647;2147483647.0;107374:10.941;;2025-06-04;M2535464171877570;GT4;Zandvoort;
0.0;;J0N G10;10.0;Ginetta G55 GT4;56.0;0.0;2147483.647;2147483.647;2147483.647;35791:23.647;2147483647.0;107374:10.941;;2025-06-04;M2533274803882798;GT4;Zandvoort;
0.0;;DR1VE#4787;33.0;Ginetta G55 GT4;56.0;13.0;33.172;31.167;31.892;01:36.687;96687.0;01:36.231;20:56.931;2025-06-18;M2535459005860319;GT4;Zolder;
0.0;;BadBen80;80.0;Ginetta G55 GT4;56.0;13.0;33.225;31.31;32.115;01:36.925;96925.0;01:36.650;21:00.025;2025-06-18;M2562092466593675;GT4;Zolder;
0.0;;Imagine Sphax;23.0;Ginetta G55 GT4;56.0;13.0;33.336;31.323;32.262;01:37.248;97248.0;01:36.921;21:04.224;2025-06-18;M2533274876472342;GT4;Zolder;
0.0;;TAAT GUNA;201.0;Ginetta G55 GT4;56.0;13.0;33.307;31.522;32.172;01:37.322;97322.0;01:37.001;21:05.186;2025-06-18;M2533274817407265;GT4;Zolder;
0.0;;BoAPrawnStar;88.0;Ginetta G55 GT4;56.0;13.0;33.802;32.235;32.802;01:38.907;98907.0;01:38.839;21:25.791;2025-06-18;M2535426324983035;GT4;Zolder;
0.0;;EQR Apex;53.0;Ginetta G55 GT4;56.0;13.0;33.984;32.079;32.874;01:38.976;98976.0;01:38.937;21:26.688;2025-06-18;M2535440311354763;GT4;Zolder;
0.0;;BoA Diamond;4.0;Ginetta G55 GT4;56.0;13.0;34.05;31.779;32.667;01:38.700;98700.0;01:38.496;21:23.100;2025-06-18;M2533274963284096;GT4;Zolder;
0.0;;Racingrich#2732;89.0;Ginetta G55 GT4;56.0;13.0;33.822;32.109;32.868;01:39.132;99132.0;01:38.799;21:28.716;2025-06-18;M2535454029768367;GT4;Zolder;
0.0;;J0N G10;10.0;Ginetta G55 GT4;56.0;13.0;33.825;31.977;32.7;01:38.625;98625.0;01:38.502;21:22.125;2025-06-18;M2533274803882798;GT4;Zolder;
0.0;;Thebadden#6350;261.0;Ginetta G55 GT4;56.0;13.0;33.858;32.052;32.637;01:38.547;98547.0;01:38.547;21:21.111;2025-06-18;M2535468859834853;GT4;Zolder;
0.0;;LCS Ginge;87.0;Ginetta G55 GT4;56.0;13.0;33.948;32.58;33.417;01:39.960;99960.0;01:39.945;21:39.480;2025-06-18;M2535428335198107;GT4;Zolder;
0.0;;MattChow69;15.0;Ginetta G55 GT4;56.0;13.0;33.963;32.16;33.201;01:39.432;99432.0;01:39.324;21:32.616;2025-06-18;M2535457981610431;GT4;Zolder;
0.0;;KingWise76;144.0;Ginetta G55 GT4;56.0;13.0;34.038;32.553;32.556;01:39.606;99606.0;01:39.147;21:34.878;2025-06-18;M2535464171877570;GT4;Zolder;
0.0;;NeonBulleTz;1.0;Ginetta G55 GT4;56.0;13.0;34.265;33.045;32.97;01:41.082;101082.0;01:40.280;21:54.066;2025-06-18;P6555717445734582767;GT4;Zolder;
0.0;;T1GZ81Honda;24.0;Ginetta G55 GT4;56.0;12.0;34.095;32.604;32.778;01:39.702;99702.0;01:39.477;19:56.424;2025-06-18;M2535421862963748;GT4;Zolder;
0.0;;jesperb01;16.0;Ginetta G55 GT4;56.0;11.0;33.738;32.052;32.754;01:38.667;98667.0;01:38.544;18:05.337;2025-06-18;M2535465743812802;GT4;Zolder;
0.0;;bmatthew717;42.0;Ginetta G55 GT4;56.0;1.0;2147483.647;2147483.647;2147483.647;35791:23.647;2147483647.0;107374:10.941;35791:23.647;2025-06-18;M2535456990131789;GT4;Zolder;
0.0;;dmoney69812;777.0;Ginetta G55 GT4;56.0;0.0;2147483.647;2147483.647;2147483.647;35791:23.647;2147483647.0;107374:10.941;;2025-06-18;M2533274853814129;GT4;Zolder;
0.0;;Tos F;747.0;Ginetta G55 GT4;56.0;0.0;2147483.647;2147483.647;2147483.647;35791:23.647;2147483647.0;107374:10.941;;2025-06-18;M2533274825104371;GT4;Zolder;
0.0;;BoAPrawnStar;100.0;Ferrari 296 GT3;32.0;13.0;41.2;61.47;36.94;02:19.617;139617.0;02:19.610;30:15.021;2025-09-07;M2535426324983035;GT3;Barcelona;
0.0;;Thebadden#6350;260.0;Ford Mustang GT3;36.0;13.0;41.031;61.536;37.386;02:19.953;139953.0;02:19.953;30:19.389;2025-09-07;M2535468859834853;GT3;Barcelona;
0.0;;bmatthew717;42.0;Ferrari 296 GT3;32.0;10.0;41.001;61.845;36.969;02:20.013;140013.0;02:19.815;23:20.130;2025-09-07;M2535456990131789;GT3;Barcelona;
0.0;;BoA Diamond;92.0;Porsche 992 GT3 R;34.0;10.0;2147483.647;2147483.647;2147483.647;35791:23.647;2147483647.0;107374:10.941;357913:56.470;2025-09-07;M2533274963284096;GT3;Barcelona;
0.0;;T1GZ81Honda;11.0;Audi R8 LMS Evo 2;31.0;0.0;2147483.647;2147483.647;2147483.647;35791:23.647;2147483647.0;107374:10.941;;2025-09-07;M2535421862963748;GT3;Barcelona;
0.0;;BoAPrawnStar;88.0;Ferrari 296 GT3;32.0;0.0;2147483.647;2147483.647;2147483.647;35791:23.647;2147483647.0;107374:10.941;;2025-10-13;M2535426324983035;GT3;Barcelona;
0.0;;Dr Flexi Jerkov;88.0;Alpine A110 GT4;50.0;0.0;2147483.647;2147483.647;2147483.647;35791:23.647;2147483647.0;107374:10.941;;2025-10-14;M2533274805889819;GT4;Barcelona;
0.0;;Dr Flexi Jerkov;24.0;KTM X-Bow GT4;57.0;2.0;32.865;45.46;39.74;01:58.435;118435.0;01:58.065;03:56.870;2025-10-14;M2533274805889819;GT4;Barcelona;
0.0;;Dr Flexi Jerkov;88.0;Alpine A110 GT4;50.0;1.0;32.547;44.662;38.18;01:55.390;115390.0;01:55.389;01:55.390;2025-10-14;M2533274805889819;GT4;Barcelona;
0.0;;Dr Flexi Jerkov;16.0;Ginetta G55 GT4;56.0;2.0;32.587;44.24;37.947;01:54.837;114837.0;01:54.774;03:49.674;2025-10-14;M2533274805889819;GT4;Barcelona;
0.0;;Dr Flexi Jerkov;16.0;Ginetta G55 GT4;56.0;8.0;32.472;43.927;37.765;01:54.195;114195.0;01:54.164;15:13.560;2025-10-14;M2533274805889819;GT4;Barcelona;
0.0;;Thebadden#6350;261.0;Chevrolet Camaro GT4;55.0;9.0;32.379;44.445;37.578;01:54.429;114429.0;01:54.402;17:09.861;2025-10-14;M2535468859834853;GT4;Barcelona;
0.0;;KingWise76;15.0;Ginetta G55 GT4;56.0;5.0;33.084;44.817;38.97;01:56.889;116889.0;01:56.871;09:44.445;2025-10-14;M2535464171877570;GT4;Barcelona;
0.0;;Dr Flexi Jerkov;4.0;Mercedes AMG GT4;60.0;8.0;32.455;43.81;37.577;01:54.170;114170.0;01:53.842;15:13.360;2025-10-14;M2533274805889819;GT4;Barcelona;
0.0;;Thebadden#6350;260.0;Chevrolet Camaro GT4;55.0;11.0;32.346;44.346;37.866;01:54.645;114645.0;01:54.558;21:01.095;2025-10-14;M2535468859834853;GT4;Barcelona;
0.0;;KingWise76;144.0;Ginetta G55 GT4;56.0;9.0;32.859;44.571;38.19;01:55.620;115620.0;01:55.620;17:20.580;2025-10-14;M2535464171877570;GT4;Barcelona;
0.0;;Dr Flexi Jerkov;4.0;Mercedes AMG GT4;60.0;3.0;32.195;43.85;37.707;01:53.857;113857.0;01:53.752;05:41.571;2025-10-14;M2533274805889819;GT4;Barcelona;
0.0;;KingWise76;27.0;Audi R8 LMS GT4;52.0;2.0;33.174;44.658;38.814;01:56.646;116646.0;01:56.646;03:53.292;2025-10-14;M2535464171877570;GT4;Barcelona;
0.0;;Thebadden#6350;260.0;Chevrolet Camaro GT4;55.0;0.0;2147483.647;2147483.647;2147483.647;35791:23.647;2147483647.0;107374:10.941;;2025-10-14;M2535468859834853;GT4;Barcelona;
0.0;;Racingrich#2732;1.0;BMW M4 GT4;53.0;0.0;2147483.647;2147483.647;2147483.647;35791:23.647;2147483647.0;107374:10.941;;2025-10-14;M2535454029768367;GT4;Barcelona;
0.0;;BadBen80;9.0;Alpine A110 GT4;50.0;0.0;2147483.647;2147483.647;2147483.647;35791:23.647;2147483647.0;107374:10.941;;2025-10-14;M2562092466593675;GT4;Barcelona;
0.0;;Dr Flexi Jerkov;2.0;Mercedes AMG GT4;60.0;7.0;32.305;43.865;37.507;01:53.855;113855.0;01:53.677;13:16.985;2025-10-14;M2533274805889819;GT4;Barcelona;
0.0;;BadBen80;9.0;Alpine A110 GT4;50.0;6.0;32.292;43.822;38.01;01:54.125;114125.0;01:54.124;11:24.750;2025-10-14;M2562092466593675;GT4;Barcelona;
0.0;;ANT MCVITTIE;116.0;Mercedes AMG GT4;60.0;3.0;32.462;44.25;37.552;01:54.265;114265.0;01:54.264;05:42.795;2025-10-14;M2533274896948119;GT4;Barcelona;
0.0;;bmatthew717;42.0;Ginetta G55 GT4;56.0;3.0;32.877;43.773;37.629;01:54.501;114501.0;01:54.279;05:43.503;2025-10-14;M2535456990131789;GT4;Barcelona;
0.0;;Thebadden#6350;261.0;Chevrolet Camaro GT4;55.0;10.0;32.436;44.208;37.731;01:54.573;114573.0;01:54.375;19:05.730;2025-10-14;M2535468859834853;GT4;Barcelona;
0.0;;Racingrich#2732;89.0;Mercedes AMG GT4;60.0;9.0;32.667;44.265;37.824;01:54.816;114816.0;01:54.756;17:13.344;2025-10-14;M2535454029768367;GT4;Barcelona;
0.0;;BoA Diamond;4.0;Ginetta G55 GT4;56.0;4.0;32.538;44.439;37.992;01:55.233;115233.0;01:54.969;07:40.932;2025-10-14;M2533274963284096;GT4;Barcelona;
0.0;;DR1VE#4787;33.0;Maserati MC GT4;58.0;2.0;32.58;44.48;38.275;01:55.335;115335.0;01:55.335;03:50.670;2025-10-14;M2535459005860319;GT4;Barcelona;
0.0;;KingWise76;144.0;Ginetta G55 GT4;56.0;9.0;32.925;44.544;38.367;01:56.505;116505.0;01:55.836;17:28.545;2025-10-14;M2535464171877570;GT4;Barcelona;
0.0;;BadBen80;77.0;Maserati MC GT4;58.0;9.0;32.457;43.727;37.315;01:53.500;113500.0;01:53.499;17:01.500;2025-10-14;M2562092466593675;GT4;Barcelona;
0.0;;Dr Flexi Jerkov;2.0;Mercedes AMG GT4;60.0;16.0;32.245;43.705;37.387;01:53.585;113585.0;01:53.337;30:17.360;2025-10-14;M2533274805889819;GT4;Barcelona;
0.0;;bmatthew717;43.0;McLaren 570S GT4;59.0;9.0;32.526;43.863;37.374;01:53.961;113961.0;01:53.763;17:05.649;2025-10-14;M2535456990131789;GT4;Barcelona;
0.0;;DR1VE#4787;33.0;Maserati MC GT4;58.0;10.0;32.307;43.937;37.602;01:54.115;114115.0;01:53.846;19:01.150;2025-10-14;M2535459005860319;GT4;Barcelona;
0.0;;ANT MCVITTIE;117.0;Ginetta G55 GT4;56.0;6.0;32.315;44.22;37.88;01:54.510;114510.0;01:54.415;11:27.060;2025-10-14;M2533274896948119;GT4;Barcelona;
0.0;;Racingrich#2732;89.0;Mercedes AMG GT4;60.0;5.0;32.652;44.148;37.785;01:54.627;114627.0;01:54.585;09:33.135;2025-10-14;M2535454029768367;GT4;Barcelona;
0.0;;Thebadden#6350;260.0;Chevrolet Camaro GT4;55.0;8.0;32.565;44.319;37.908;01:54.912;114912.0;01:54.792;15:19.296;2025-10-14;M2535468859834853;GT4;Barcelona;
0.0;;SCRAPPER 2000;20.0;Mercedes AMG GT4;60.0;4.0;32.41;44.245;38.197;01:55.175;115175.0;01:54.852;07:40.700;2025-10-14;M2533274796566438;GT4;Barcelona;
0.0;;BoA Diamond;4.0;Ginetta G55 GT4;56.0;7.0;32.772;44.181;37.932;01:55.425;115425.0;01:54.885;13:27.975;2025-10-14;M2533274963284096;GT4;Barcelona;
0.0;;KingWise76;144.0;Ginetta G55 GT4;56.0;10.0;32.703;44.586;38.265;01:55.887;115887.0;01:55.554;19:18.870;2025-10-14;M2535464171877570;GT4;Barcelona;
0.0;;BRC MotoKris;37.0;Alpine A110 GT4;50.0;7.0;33.417;45.045;38.795;01:57.492;117492.0;01:57.257;13:42.444;2025-10-14;M2535470063557459;GT4;Barcelona;
0.0;;KinGKer#5147;16.0;KTM X-Bow GT4;57.0;6.0;33.395;45.455;38.82;01:58.182;118182.0;01:57.670;11:49.092;2025-10-14;M2533275015522870;GT4;Barcelona;
0.0;;NoT zRvi;27.0;BMW M4 GT3 2022;26.0;0.0;2147483.647;2147483.647;2147483.647;35791:23.647;2147483647.0;107374:10.941;;2025-10-14;M2535429664005483;GT3;Barcelona;
0.0;;NoT zRvi;22.0;Porsche 718 Cayman GT4;61.0;10.0;30.33;41.182;36.037;01:47.550;107550.0;01:47.549;17:55.500;2025-10-14;M2535429664005483;GT4;Barcelona;
0.0;;bmatthew717;42.0;Ginetta G55 GT4;56.0;7.0;32.463;43.947;37.038;01:53.448;113448.0;01:53.448;13:14.136;2025-10-14;M2535456990131789;GT4;Barcelona;
0.0;;Dr Flexi Jerkov;2.0;Mercedes AMG GT4;60.0;11.0;32.277;43.657;37.5;01:53.592;113592.0;01:53.434;20:49.512;2025-10-14;M2533274805889819;GT4;Barcelona;
0.0;;DR1VE#4787;33.0;Maserati MC GT4;58.0;9.0;32.037;43.7;37.675;01:53.622;113622.0;01:53.412;17:02.598;2025-10-14;M2535459005860319;GT4;Barcelona;
0.0;;BadBen80;95.0;Aston Martin Vantage GT4;51.0;7.0;32.21;43.952;37.565;01:53.827;113827.0;01:53.727;13:16.789;2025-10-14;M2562092466593675;GT4;Barcelona;
0.0;;BoA Diamond;4.0;Ginetta G55 GT4;56.0;3.0;32.496;43.839;37.713;01:54.192;114192.0;01:54.048;05:42.576;2025-10-14;M2533274963284096;GT4;Barcelona;
0.0;;SCRAPPER 2000;20.0;Mercedes AMG GT4;60.0;10.0;32.32;44.137;37.695;01:54.350;114350.0;01:54.152;19:03.500;2025-10-14;M2533274796566438;GT4;Barcelona;
0.0;;Racingrich#2732;89.0;Mercedes AMG GT4;60.0;10.0;32.394;43.872;37.752;01:54.384;114384.0;01:54.018;19:03.840;2025-10-14;M2535454029768367;GT4;Barcelona;
0.0;;ANT MCVITTIE;117.0;Ginetta G55 GT4;56.0;4.0;32.405;44.21;37.97;01:54.585;114585.0;01:54.585;07:38.340;2025-10-14;M2533274896948119;GT4;Barcelona;
0.0;;Thebadden#6350;260.0;Chevrolet Camaro GT4;55.0;11.0;32.463;44.307;37.794;01:54.762;114762.0;01:54.564;21:02.382;2025-10-14;M2535468859834853;GT4;Barcelona;
0.0;;KingWise76;144.0;Ginetta G55 GT4;56.0;5.0;32.625;44.253;38.388;01:55.731;115731.0;01:55.266;09:38.655;2025-10-14;M2535464171877570;GT4;Barcelona;
0.0;;BRC MotoKris;37.0;Alpine A110 GT4;50.0;17.0;33.252;44.957;38.34;01:56.652;116652.0;01:56.549;33:03.084;2025-10-14;M2535470063557459;GT4;Barcelona;
0.0;;KinGKer#5147;16.0;KTM X-Bow GT4;57.0;11.0;33.032;44.897;38.447;01:56.695;116695.0;01:56.376;21:23.645;2025-10-14;M2533275015522870;GT4;Barcelona;
0.0;;Imagine Sphax;23.0;Ginetta G55 GT4;56.0;3.0;2147483.647;2147483.647;2147483.647;35791:23.647;2147483647.0;107374:10.941;107374:10.941;2025-10-14;M2533274876472342;GT4;Barcelona;
0.0;;bmatthew717;42.0;Ginetta G55 GT4;56.0;7.0;32.412;43.68;37.206;01:53.298;113298.0;01:53.298;13:13.086;2025-10-14;M2535456990131789;GT4;Barcelona;
0.0;;Dr Flexi Jerkov;2.0;Mercedes AMG GT4;60.0;4.0;32.26;43.68;37.43;01:53.370;113370.0;01:53.370;07:33.480;2025-10-14;M2533274805889819;GT4;Barcelona;
0.0;;DR1VE#4787;33.0;Maserati MC GT4;58.0;5.0;32.267;43.782;37.437;01:53.602;113602.0;01:53.486;09:28.010;2025-10-14;M2535459005860319;GT4;Barcelona;
0.0;;ANT MCVITTIE;117.0;Ginetta G55 GT4;56.0;2.0;32.31;43.73;37.49;01:53.715;113715.0;01:53.530;03:47.430;2025-10-14;M2533274896948119;GT4;Barcelona;
0.0;;BadBen80;9.0;Alpine A110 GT4;50.0;4.0;32.24;44.077;37.575;01:53.892;113892.0;01:53.892;07:35.568;2025-10-14;M2562092466593675;GT4;Barcelona;
0.0;;Racingrich#2732;89.0;Mercedes AMG GT4;60.0;3.0;32.703;43.92;37.629;01:54.357;114357.0;01:54.252;05:43.071;2025-10-14;M2535454029768367;GT4;Barcelona;
0.0;;SCRAPPER 2000;20.0;Mercedes AMG GT4;60.0;3.0;32.465;43.935;38.102;01:54.502;114502.0;01:54.502;05:43.506;2025-10-14;M2533274796566438;GT4;Barcelona;
0.0;;Imagine Sphax;23.0;Ginetta G55 GT4;56.0;2.0;32.673;44.019;37.827;01:54.519;114519.0;01:54.519;03:49.038;2025-10-14;M2533274876472342;GT4;Barcelona;
0.0;;BoA Diamond;4.0;Ginetta G55 GT4;56.0;3.0;32.559;43.899;37.935;01:54.678;114678.0;01:54.393;05:44.034;2025-10-14;M2533274963284096;GT4;Barcelona;
0.0;;Thebadden#6350;260.0;Chevrolet Camaro GT4;55.0;5.0;32.439;44.16;38.238;01:55.083;115083.0;01:54.837;09:35.415;2025-10-14;M2535468859834853;GT4;Barcelona;
0.0;;KinGKer#5147;16.0;KTM X-Bow GT4;57.0;5.0;33.067;44.78;38.087;01:55.935;115935.0;01:55.934;09:39.675;2025-10-14;M2533275015522870;GT4;Barcelona;
0.0;;KingWise76;144.0;Ginetta G55 GT4;56.0;3.0;33.027;44.886;38.253;01:56.349;116349.0;01:56.166;05:49.047;2025-10-14;M2535464171877570;GT4;Barcelona;
0.0;;NoT zRvi;22.0;Porsche 718 Cayman GT4;61.0;5.0;33.005;45.21;38.577;01:56.925;116925.0;01:56.792;09:44.625;2025-10-14;M2535429664005483;GT4;Barcelona;
0.0;;BRC MotoKris;37.0;Alpine A110 GT4;50.0;4.0;33.2;45.54;38.735;01:57.475;117475.0;01:57.475;07:49.900;2025-10-14;M2535470063557459;GT4;Barcelona;
0.0;;Dr Flexi Jerkov;2.0;Mercedes AMG GT4;60.0;11.0;32.362;43.67;37.44;01:53.812;113812.0;01:53.472;20:51.932;2025-10-14;M2533274805889819;GT4;Barcelona;
0.0;;BadBen80;9.0;Alpine A110 GT4;50.0;11.0;32.117;43.782;37.702;01:53.797;113797.0;01:53.601;20:51.767;2025-10-14;M2562092466593675;GT4;Barcelona;
0.0;;bmatthew717;42.0;Ginetta G55 GT4;56.0;11.0;32.37;43.926;37.458;01:54.018;114018.0;01:53.754;20:54.198;2025-10-14;M2535456990131789;GT4;Barcelona;
0.0;;ANT MCVITTIE;117.0;Ginetta G55 GT4;56.0;11.0;32.302;44.065;37.675;01:54.365;114365.0;01:54.042;20:58.015;2025-10-14;M2533274896948119;GT4;Barcelona;
0.0;;Racingrich#2732;89.0;Mercedes AMG GT4;60.0;11.0;32.484;44.037;37.578;01:54.099;114099.0;01:54.099;20:55.089;2025-10-14;M2535454029768367;GT4;Barcelona;
0.0;;BoA Diamond;4.0;Ginetta G55 GT4;56.0;11.0;32.523;43.989;37.782;01:54.522;114522.0;01:54.294;20:59.742;2025-10-14;M2533274963284096;GT4;Barcelona;
0.0;;Thebadden#6350;261.0;Mercedes AMG GT4;60.0;11.0;32.334;44.247;37.95;01:54.693;114693.0;01:54.531;21:01.623;2025-10-14;M2535468859834853;GT4;Barcelona;
0.0;;KinGKer#5147;16.0;KTM X-Bow GT4;57.0;11.0;32.99;44.602;38.262;01:56.225;116225.0;01:55.854;21:18.475;2025-10-14;M2533275015522870;GT4;Barcelona;
0.0;;KingWise76;144.0;Ginetta G55 GT4;56.0;11.0;33.009;44.826;38.475;01:56.310;116310.0;01:56.310;21:19.410;2025-10-14;M2535464171877570;GT4;Barcelona;
0.0;;BRC MotoKris;37.0;Alpine A110 GT4;50.0;11.0;33.175;45.032;38.742;01:57.507;117507.0;01:56.949;21:32.577;2025-10-14;M2535470063557459;GT4;Barcelona;
0.0;;Imagine Sphax;23.0;Ginetta G55 GT4;56.0;8.0;32.67;44.163;37.629;01:54.576;114576.0;01:54.462;15:16.608;2025-10-14;M2533274876472342;GT4;Barcelona;
0.0;;SCRAPPER 2000;20.0;Mercedes AMG GT4;60.0;6.0;32.45;44.037;38.027;01:54.515;114515.0;01:54.514;11:27.090;2025-10-14;M2533274796566438;GT4;Barcelona;
0.0;;NoT zRvi;1.0;Ginetta G55 GT4;56.0;5.0;33.19;45.105;38.815;01:57.325;117325.0;01:57.110;09:46.625;2025-10-14;M2535429664005483;GT4;Barcelona;
0.0;;DR1VE#4787;33.0;Maserati MC GT4;58.0;0.0;2147483.647;2147483.647;2147483.647;35791:23.647;2147483647.0;107374:10.941;;2025-10-14;M2535459005860319;GT4;Barcelona;
0.0;;Racingrich#2732;89.0;Mercedes AMG GT4;60.0;2.0;32.409;43.935;37.506;01:53.856;113856.0;01:53.850;03:47.712;2025-10-14;M2535454029768367;GT4;Barcelona;
0.0;;BoA Diamond;4.0;Ginetta G55 GT4;56.0;5.0;32.601;43.842;37.617;01:54.081;114081.0;01:54.060;09:30.405;2025-10-14;M2533274963284096;GT4;Barcelona;
0.0;;Imagine Sphax;24.0;Mercedes AMG GT4;60.0;2.0;32.682;43.977;37.665;01:54.324;114324.0;01:54.324;03:48.648;2025-10-14;M2533274876472342;GT4;Barcelona;
0.0;;Thebadden#6350;261.0;Mercedes AMG GT4;60.0;6.0;32.481;44.319;38.022;01:55.221;115221.0;01:54.822;11:31.326;2025-10-14;M2535468859834853;GT4;Barcelona;
0.0;;KinGKer#5147;3.0;Alpine A110 GT4;50.0;6.0;32.965;44.892;38.182;01:56.302;116302.0;01:56.039;11:37.812;2025-10-14;M2533275015522870;GT4;Barcelona;
0.0;;BRC MotoKris;37.0;Alpine A110 GT4;50.0;4.0;33.265;45.025;38.137;01:56.427;116427.0;01:56.427;07:45.708;2025-10-14;M2535470063557459;GT4;Barcelona;
0.0;;DR1VE#4787;33.0;Maserati MC GT4;58.0;0.0;2147483.647;2147483.647;2147483.647;35791:23.647;2147483647.0;107374:10.941;;2025-10-14;M2535459005860319;GT4;Barcelona;
0.0;;KingWise76;144.0;Ginetta G55 GT4;56.0;0.0;2147483.647;2147483.647;2147483.647;35791:23.647;2147483647.0;107374:10.941;;2025-10-14;M2535464171877570;GT4;Barcelona;
0.0;;SCRAPPER 2000;20.0;Mercedes AMG GT4;60.0;0.0;2147483.647;2147483.647;2147483.647;35791:23.647;2147483647.0;107374:10.941;;2025-10-14;M2533274796566438;GT4;Barcelona;
0.0;;NoT zRvi;1.0;Ginetta G55 GT4;56.0;3.0;33.272;44.675;38.625;01:56.572;116572.0;01:56.572;05:49.716;2025-10-14;M2535429664005483;GT4;Barcelona;
0.0;;BadBen80;9.0;Alpine A110 GT4;50.0;0.0;2147483.647;2147483.647;2147483.647;35791:23.647;2147483647.0;107374:10.941;;2025-10-14;M2562092466593675;GT4;Barcelona;
0.0;;Dr Flexi Jerkov;2.0;Mercedes AMG GT4;60.0;0.0;2147483.647;2147483.647;2147483.647;35791:23.647;2147483647.0;107374:10.941;;2025-10-14;M2533274805889819;GT4;Barcelona;
0.0;;bmatthew717;42.0;Ginetta G55 GT4;56.0;0.0;2147483.647;2147483.647;2147483.647;35791:23.647;2147483647.0;107374:10.941;;2025-10-14;M2535456990131789;GT4;Barcelona;
0.0;;ANT MCVITTIE;117.0;Ginetta G55 GT4;56.0;0.0;2147483.647;2147483.647;2147483.647;35791:23.647;2147483647.0;107374:10.941;;2025-10-14;M2533274896948119;GT4;Barcelona;
0.0;;Imagine Sphax;24.0;Mercedes AMG GT4;60.0;11.0;32.439;44.013;37.506;01:54.120;114120.0;01:53.958;20:55.320;2025-10-14;M2533274876472342;GT4;Barcelona;
0.0;;bmatthew717;42.0;Ginetta G55 GT4;56.0;11.0;32.43;43.95;37.44;01:53.847;113847.0;01:53.820;20:52.317;2025-10-14;M2535456990131789;GT4;Barcelona;
0.0;;BadBen80;9.0;Alpine A110 GT4;50.0;11.0;32.28;43.85;37.385;01:53.912;113912.0;01:53.515;20:53.032;2025-10-14;M2562092466593675;GT4;Barcelona;
0.0;;Racingrich#2732;89.0;Mercedes AMG GT4;60.0;11.0;32.535;43.965;37.464;01:54.207;114207.0;01:53.964;20:56.277;2025-10-14;M2535454029768367;GT4;Barcelona;
0.0;;BoA Diamond;4.0;Ginetta G55 GT4;56.0;11.0;32.667;44.211;37.53;01:54.738;114738.0;01:54.408;21:02.118;2025-10-14;M2533274963284096;GT4;Barcelona;
0.0;;Dr Flexi Jerkov;2.0;Mercedes AMG GT4;60.0;11.0;32.432;43.845;37.632;01:53.910;113910.0;01:53.909;20:53.010;2025-10-14;M2533274805889819;GT4;Barcelona;
0.0;;BRC MotoKris;37.0;Alpine A110 GT4;50.0;11.0;33.412;45.007;38.172;01:56.640;116640.0;01:56.591;21:23.040;2025-10-14;M2535470063557459;GT4;Barcelona;
0.0;;NoT zRvi;1.0;Ginetta G55 GT4;56.0;11.0;32.777;44.27;38.425;01:55.610;115610.0;01:55.472;21:11.710;2025-10-14;M2535429664005483;GT4;Barcelona;
0.0;;KingWise76;144.0;Ginetta G55 GT4;56.0;10.0;32.844;44.154;38.313;01:55.659;115659.0;01:55.311;19:16.590;2025-10-14;M2535464171877570;GT4;Barcelona;
0.0;;ANT MCVITTIE;117.0;Ginetta G55 GT4;56.0;4.0;2147483.647;2147483.647;2147483.647;35791:23.647;2147483647.0;107374:10.941;143165:34.588;2025-10-14;M2533274896948119;GT4;Barcelona;
0.0;;KinGKer#5147;3.0;Alpine A110 GT4;50.0;4.0;2147483.647;2147483.647;2147483.647;35791:23.647;2147483647.0;107374:10.941;143165:34.588;2025-10-14;M2533275015522870;GT4;Barcelona;
0.0;;Thebadden#6350;261.0;Mercedes AMG GT4;60.0;1.0;37.173;45.165;46.356;02:08.694;128694.0;02:08.694;02:08.694;2025-10-14;M2535468859834853;GT4;Barcelona;
0.0;;DR1VE#4787;33.0;Maserati MC GT4;58.0;0.0;2147483.647;2147483.647;2147483.647;35791:23.647;2147483647.0;107374:10.941;;2025-10-14;M2535459005860319;GT4;Barcelona;
0.0;;SCRAPPER 2000;20.0;Mercedes AMG GT4;60.0;0.0;2147483.647;2147483.647;2147483.647;35791:23.647;2147483647.0;107374:10.941;;2025-10-14;M2533274796566438;GT4;Barcelona;
0.0;;BadBen80;9.0;Alpine A110 GT4;50.0;0.0;2147483.647;2147483.647;2147483.647;35791:23.647;2147483647.0;107374:10.941;;2025-10-14;M2562092466593675;GT4;Barcelona;
0.0;;Dr Flexi Jerkov;2.0;Mercedes AMG GT4;60.0;0.0;2147483.647;2147483.647;2147483.647;35791:23.647;2147483647.0;107374:10.941;;2025-10-14;M2533274805889819;GT4;Barcelona;
0.0;;bmatthew717;42.0;Ginetta G55 GT4;56.0;0.0;2147483.647;2147483.647;2147483.647;35791:23.647;2147483647.0;107374:10.941;;2025-10-14;M2535456990131789;GT4;Barcelona;
0.0;;KingWise76;144.0;Ginetta G55 GT4;56.0;0.0;2147483.647;2147483.647;2147483.647;35791:23.647;2147483647.0;107374:10.941;;2025-10-14;M2535464171877570;GT4;Barcelona;
0.0;;Imagine Sphax;24.0;Mercedes AMG GT4;60.0;0.0;2147483.647;2147483.647;2147483.647;35791:23.647;2147483647.0;107374:10.941;;2025-10-14;M2533274876472342;GT4;Barcelona;
